rxn	KEGG_rxn_id	ec_code	direction	substrates_name	substrates_kegg	products_name	products_kegg	genes_model	uniprot_model	kegg_genes	intersection_genes	kcat	matching_score	kcat_substrate	kcat_organism	kcat_enzyme	kcat_temperature	kcat_ph	kcat_variant	kcat_db	kcat_id_percent	catapro_predicted_kcat_s
PFK		2.7.1.11	forward	ATP C10H12N5O13P3;D-Fructose 6-phosphate	C00002;C05345	ADP C10H12N5O10P2;D-Fructose 1,6-bisphosphate;H+	C00008;C00354;C00080	b3916	P0A796	b1723;b3916	b3916	0.016	1	D-fructose 6-phosphate	Escherichia coli	P0A796	30.0	7.2		brenda	100.0	33.54289576033379
PFK		2.7.1.11	forward	ATP C10H12N5O13P3;D-Fructose 6-phosphate	C00002;C05345	ADP C10H12N5O10P2;D-Fructose 1,6-bisphosphate;H+	C00008;C00354;C00080	b1723	P06999	b1723;b3916	b1723	44.0	3	D-fructose 6-phosphate	Escherichia coli	P06999	25.0	8.2		brenda	100.0	1.9686394215848841
PFL	R00212	2.3.1.54	forward	Coenzyme A;Pyruvate	C00010;C00022	Acetyl-CoA;Formate	C00024;C00058	b0902;b0903;b2579	P09373;P68066;P0A9N4	b0903;b3114	b0903	11.0	5	pyruvate	Escherichia coli					brenda	-inf	
PFL	R00212	2.3.1.54	forward	Coenzyme A;Pyruvate	C00010;C00022	Acetyl-CoA;Formate	C00024;C00058	b0902;b0903	P09373;P0A9N4	b0903;b3114	b0903	11.0	5	pyruvate	Escherichia coli					brenda	-inf	
PFL	R00212	2.3.1.54	forward	Coenzyme A;Pyruvate	C00010;C00022	Acetyl-CoA;Formate	C00024;C00058	b0902;b3114	P0A9N4;P42632	b0903;b3114	b3114	11.0	5	pyruvate	Escherichia coli					brenda	-inf	
PFL	R00212	2.3.1.54	forward	Coenzyme A;Pyruvate	C00010;C00022	Acetyl-CoA;Formate	C00024;C00058	b3951;b3952	P32674;P32675	b0903;b3114		11.0	5	pyruvate	Escherichia coli					brenda	-inf	
PGI		5.3.1.9	forward	D-Glucose 6-phosphate	C00092	D-Fructose 6-phosphate	C05345	b4025	P0A6T1	b4025	b4025	500.0	4	D-glucose 6-phosphate	Homo sapiens	P06744	21.0	7.5	wildtype	brenda	51.22950819672131	112.64836968548263
PGI		5.3.1.9	reverse	D-Fructose 6-phosphate	C05345	D-Glucose 6-phosphate	C00092	b4025	P0A6T1	b4025	b4025	650.0	4	D-fructose 6-phosphate	Homo sapiens	P06744	30.0	7.5	wildtype	brenda	51.22950819672131	53.734736919762135
PGK	R01512	2.7.2.3	forward	3-Phospho-D-glycerate;ATP C10H12N5O13P3	C00197;C00002	3-Phospho-D-glyceroyl phosphate;ADP C10H12N5O10P2	C00236;C00008	b2926	P0A799	b2926	b2926	354.0	4	3-phospho-D-glycerate	Saccharomyces cerevisiae		25.0	7.5	wildtype	brenda	-inf	22.33523671360998
PGK	R01512	2.7.2.3	reverse	3-Phospho-D-glyceroyl phosphate;ADP C10H12N5O10P2	C00236;C00008	3-Phospho-D-glycerate;ATP C10H12N5O13P3	C00197;C00002	b2926	P0A799	b2926	b2926	2633.0	6	3-phospho-D-glyceroyl phosphate	Homo sapiens	P00558			wildtype	brenda	32.67326732673267	11.813767256910971
PGL	R02035	3.1.1.31	forward	6-phospho-D-glucono-1,5-lactone;H2O H2O	C01236;C00001	6-Phospho-D-gluconate;H+	C00345;C00080	b0767	P52697	b0767	b0767	31.8	7	6-phospho-D-glucono-1,5-lactone	Giardia intestinalis	A8BWM5	25.0	8.0		brenda	20.291479820627803	183.4512678779015
ACALD	R00228	1.2.1.10	forward	Acetaldehyde;Coenzyme A;Nicotinamide adenine dinucleotide	C00084;C00010;C00003	Acetyl-CoA;H+;Nicotinamide adenine dinucleotide - reduced	C00024;C00080;C00004	b0351	P77580	b0351;b1241	b0351	13.0	5	acetaldehyde	Citrobacter sp. S-77		30.0	7.0		brenda	-inf	9.08647968434411
ACALD	R00228	1.2.1.10	reverse	Acetyl-CoA;H+;Nicotinamide adenine dinucleotide - reduced	C00024;C00080;C00004	Acetaldehyde;Coenzyme A;Nicotinamide adenine dinucleotide	C00084;C00010;C00003	b0351	P77580	b0351;b1241	b0351	13.0	8	acetaldehyde	Citrobacter sp. S-77		30.0	7.0		brenda	-inf	8.105795723702437
ACALD	R00228	1.2.1.10	forward	Acetaldehyde;Coenzyme A;Nicotinamide adenine dinucleotide	C00084;C00010;C00003	Acetyl-CoA;H+;Nicotinamide adenine dinucleotide - reduced	C00024;C00080;C00004	b1241	P0A9Q7	b0351;b1241	b1241	13.0	5	acetaldehyde	Citrobacter sp. S-77		30.0	7.0		brenda	-inf	7.204572219216167
ACALD	R00228	1.2.1.10	reverse	Acetyl-CoA;H+;Nicotinamide adenine dinucleotide - reduced	C00024;C00080;C00004	Acetaldehyde;Coenzyme A;Nicotinamide adenine dinucleotide	C00084;C00010;C00003	b1241	P0A9Q7	b0351;b1241	b1241	13.0	8	acetaldehyde	Citrobacter sp. S-77		30.0	7.0		brenda	-inf	8.671456562305389
PGM	R01518	5.4.2.11	forward	D-Glycerate 2-phosphate	C00631	3-Phospho-D-glycerate	C00197	b3612	P37689	b0755;b4395		384.0	9	3-phosphoglycerate	Saccharomyces cerevisiae				wildtype	brenda	-inf	40.79209718012428
PGM	R01518	5.4.2.11	reverse	3-Phospho-D-glycerate	C00197	D-Glycerate 2-phosphate	C00631	b3612	P37689	b0755;b4395		3200.0	6	3-phospho-D-glycerate	Lactococcus lactis subsp. lactis			7.2		brenda	-inf	60.21276861068149
PGM	R01518	5.4.2.11	forward	D-Glycerate 2-phosphate	C00631	3-Phospho-D-glycerate	C00197	b4395	P0A7A2	b0755;b4395	b4395	384.0	9	3-phosphoglycerate	Saccharomyces cerevisiae				wildtype	brenda	-inf	8.399996280211694
PGM	R01518	5.4.2.11	reverse	3-Phospho-D-glycerate	C00197	D-Glycerate 2-phosphate	C00631	b4395	P0A7A2	b0755;b4395	b4395	3200.0	6	3-phospho-D-glycerate	Lactococcus lactis subsp. lactis			7.2		brenda	-inf	8.523440784052994
PGM	R01518	5.4.2.11	forward	D-Glycerate 2-phosphate	C00631	3-Phospho-D-glycerate	C00197	b0755	P62707	b0755;b4395	b0755	384.0	9	3-phosphoglycerate	Saccharomyces cerevisiae				wildtype	brenda	-inf	48.89204363095042
PGM	R01518	5.4.2.11	reverse	3-Phospho-D-glycerate	C00197	D-Glycerate 2-phosphate	C00631	b0755	P62707	b0755;b4395	b0755	3200.0	6	3-phospho-D-glycerate	Lactococcus lactis subsp. lactis			7.2		brenda	-inf	55.84257142038486
PGM	R01518	5.4.2.12	forward	D-Glycerate 2-phosphate	C00631	3-Phospho-D-glycerate	C00197	b3612	P37689	b3612	b3612	132.0	8	3-phospho-D-glycerate	Dirofilaria immitis	F4ZE01	30.0	7.5		brenda	35.573122529644266	40.79209718012428
PGM	R01518	5.4.2.12	reverse	3-Phospho-D-glycerate	C00197	D-Glycerate 2-phosphate	C00631	b3612	P37689	b3612	b3612	132.0	5	3-phospho-D-glycerate	Dirofilaria immitis	F4ZE01	30.0	7.5		brenda	35.573122529644266	60.21276861068149
PGM	R01518	5.4.2.12	forward	D-Glycerate 2-phosphate	C00631	3-Phospho-D-glycerate	C00197	b4395	P0A7A2	b3612		51.3	8	(2R)-3-phosphoglycerate	Arabidopsis thaliana	A0A384KAQ5	30.0	7.5		brenda	19.41448382126348	8.399996280211694
PGM	R01518	5.4.2.12	reverse	3-Phospho-D-glycerate	C00197	D-Glycerate 2-phosphate	C00631	b4395	P0A7A2	b3612		3226.0	5	3-phospho-D-glycerate	Trypanosoma brucei	Q9NG18	37.0	7.4		brenda	19.34477379095164	8.523440784052994
PGM	R01518	5.4.2.12	forward	D-Glycerate 2-phosphate	C00631	3-Phospho-D-glycerate	C00197	b0755	P62707	b3612		51.3	8	(2R)-3-phosphoglycerate	Arabidopsis thaliana	A0A384KAQ5	30.0	7.5		brenda	22.171945701357465	48.89204363095042
PGM	R01518	5.4.2.12	reverse	3-Phospho-D-glycerate	C00197	D-Glycerate 2-phosphate	C00631	b0755	P62707	b3612		132.0	5	3-phospho-D-glycerate	Dirofilaria immitis	F4ZE01	30.0	7.5		brenda	21.044303797468356	55.84257142038486
ALCD2x	R00754	1.1.1.71	forward	Ethanol;Nicotinamide adenine dinucleotide	C00469;C00003	Acetaldehyde;H+;Nicotinamide adenine dinucleotide - reduced	C00084;C00080;C00004	b0356	P25437			13.9	7	ethanol	Acinetobacter calcoaceticus					brenda	-inf	16.09053138889015
ALCD2x	R00754	1.1.1.71	reverse	Acetaldehyde;H+;Nicotinamide adenine dinucleotide - reduced	C00084;C00080;C00004	Ethanol;Nicotinamide adenine dinucleotide	C00469;C00003	b0356	P25437			240.0	6	acetaldehyde	Acetivibrio thermocellus	A0A0H3W5U9	55.0	7.0	wildtype	brenda	19.88416988416989	34.39953313283843
ALCD2x	R00754	1.1.1.71	forward	Ethanol;Nicotinamide adenine dinucleotide	C00469;C00003	Acetaldehyde;H+;Nicotinamide adenine dinucleotide - reduced	C00084;C00080;C00004	b1478	P39451			13.9	7	ethanol	Acinetobacter calcoaceticus					brenda	-inf	15.192968995093125
ALCD2x	R00754	1.1.1.71	reverse	Acetaldehyde;H+;Nicotinamide adenine dinucleotide - reduced	C00084;C00080;C00004	Ethanol;Nicotinamide adenine dinucleotide	C00469;C00003	b1478	P39451			240.0	6	acetaldehyde	Acetivibrio thermocellus	A0A0H3W5U9	55.0	7.0	wildtype	brenda	20.05958291956306	34.37686961124719
ALCD2x	R00754	1.1.1.71	forward	Ethanol;Nicotinamide adenine dinucleotide	C00469;C00003	Acetaldehyde;H+;Nicotinamide adenine dinucleotide - reduced	C00084;C00080;C00004	b1241	P0A9Q7			13.9	7	ethanol	Acinetobacter calcoaceticus					brenda	-inf	5.415467601941836
ALCD2x	R00754	1.1.1.71	reverse	Acetaldehyde;H+;Nicotinamide adenine dinucleotide - reduced	C00084;C00080;C00004	Ethanol;Nicotinamide adenine dinucleotide	C00469;C00003	b1241	P0A9Q7			240.0	6	acetaldehyde	Acetivibrio thermocellus	A0A0H3W5U9	55.0	7.0	wildtype	brenda	49.49152542372882	7.204572219216167
ALCD2x	R00754	1.1.1.1	forward	Ethanol;Nicotinamide adenine dinucleotide	C00469;C00003	Acetaldehyde;H+;Nicotinamide adenine dinucleotide - reduced	C00084;C00080;C00004	b0356	P25437	b0356;b1241;b1478;b3589	b0356	31.5	5	ethanol	Arabidopsis thaliana	P06525		7.5	wildtype	brenda	36.247723132969035	16.09053138889015
ALCD2x	R00754	1.1.1.1	reverse	Acetaldehyde;H+;Nicotinamide adenine dinucleotide - reduced	C00084;C00080;C00004	Ethanol;Nicotinamide adenine dinucleotide	C00469;C00003	b0356	P25437	b0356;b1241;b1478;b3589	b0356	313.14	5	acetaldehyde	Saccharomyces cerevisiae	P28625	30.0	7.0		brenda	22.129783693843596	34.39953313283843
ALCD2x	R00754	1.1.1.1	forward	Ethanol;Nicotinamide adenine dinucleotide	C00469;C00003	Acetaldehyde;H+;Nicotinamide adenine dinucleotide - reduced	C00084;C00080;C00004	b1478	P39451	b0356;b1241;b1478;b3589	b1478	0.019	5	ethanol	Geobacillus stearothermophilus	P42328	23.0	7.5		brenda	42.10526315789474	15.192968995093125
ALCD2x	R00754	1.1.1.1	reverse	Acetaldehyde;H+;Nicotinamide adenine dinucleotide - reduced	C00084;C00080;C00004	Ethanol;Nicotinamide adenine dinucleotide	C00469;C00003	b1478	P39451	b0356;b1241;b1478;b3589	b1478	313.14	5	acetaldehyde	Saccharomyces cerevisiae	P28625	30.0	7.0		brenda	22.338568935427578	34.37686961124719
ALCD2x	R00754	1.1.1.1	forward	Ethanol;Nicotinamide adenine dinucleotide	C00469;C00003	Acetaldehyde;H+;Nicotinamide adenine dinucleotide - reduced	C00084;C00080;C00004	b1241	P0A9Q7	b0356;b1241;b1478;b3589	b1241	0.019	5	ethanol	Geobacillus stearothermophilus	P42328	23.0	7.5		brenda	20.0	5.415467601941836
ALCD2x	R00754	1.1.1.1	reverse	Acetaldehyde;H+;Nicotinamide adenine dinucleotide - reduced	C00084;C00080;C00004	Ethanol;Nicotinamide adenine dinucleotide	C00469;C00003	b1241	P0A9Q7	b0356;b1241;b1478;b3589	b1241	313.14	5	acetaldehyde	Saccharomyces cerevisiae	P28625	30.0	7.0		brenda	19.61904761904762	7.204572219216167
ACKr	R00315	2.7.2.15	forward	Acetate;ATP C10H12N5O13P3	C00033;C00002	Acetyl phosphate;ADP C10H12N5O10P2	C00227;C00008	b3115	P11868	b3115	b3115	120.0	5	acetate	Salmonella enterica subsp. enterica serovar Typhimurium	O06961	25.0	7.5		brenda	71.7948717948718	120.65984344618816
ACKr	R00315	2.7.2.15	reverse	Acetyl phosphate;ADP C10H12N5O10P2	C00227;C00008	Acetate;ATP C10H12N5O13P3	C00033;C00002	b3115	P11868	b3115	b3115	60.0	8	Butyrate	Salmonella enterica subsp. enterica serovar Typhimurium	O06961	25.0	7.5		brenda	71.7948717948718	138.44790014517005
ACKr	R00315	2.7.2.15	forward	Acetate;ATP C10H12N5O13P3	C00033;C00002	Acetyl phosphate;ADP C10H12N5O10P2	C00227;C00008	b2296	P0A6A3	b3115		120.0	5	acetate	Salmonella enterica subsp. enterica serovar Typhimurium	O06961	25.0	7.5		brenda	36.62691652470187	148.87826429959102
ACKr	R00315	2.7.2.15	reverse	Acetyl phosphate;ADP C10H12N5O10P2	C00227;C00008	Acetate;ATP C10H12N5O13P3	C00033;C00002	b2296	P0A6A3	b3115		60.0	8	Butyrate	Salmonella enterica subsp. enterica serovar Typhimurium	O06961	25.0	7.5		brenda	36.62691652470187	176.3307746580556
ACKr	R00315	2.7.2.15	forward	Acetate;ATP C10H12N5O13P3	C00033;C00002	Acetyl phosphate;ADP C10H12N5O10P2	C00227;C00008	b1849	P33221	b3115		120.0	5	acetate	Salmonella enterica subsp. enterica serovar Typhimurium	O06961	25.0	7.5		brenda	23.29192546583851	1.1451551950813996
ACKr	R00315	2.7.2.15	reverse	Acetyl phosphate;ADP C10H12N5O10P2	C00227;C00008	Acetate;ATP C10H12N5O13P3	C00033;C00002	b1849	P33221	b3115		60.0	8	Butyrate	Salmonella enterica subsp. enterica serovar Typhimurium	O06961	25.0	7.5		brenda	23.29192546583851	1.3603782841101466
ACKr	R00315	2.7.2.1	forward	Acetate;ATP C10H12N5O13P3	C00033;C00002	Acetyl phosphate;ADP C10H12N5O10P2	C00227;C00008	b3115	P11868	b2296		1165.0	3	acetate	Escherichia coli	P0A6A3	20.0	7.5		brenda	37.32876712328767	120.65984344618816
ACKr	R00315	2.7.2.1	reverse	Acetyl phosphate;ADP C10H12N5O10P2	C00227;C00008	Acetate;ATP C10H12N5O13P3	C00033;C00002	b3115	P11868	b2296		2150.0	3	acetyl phosphate	Escherichia coli	P0A6A3	20.0	7.5		brenda	37.32876712328767	138.44790014517005
ACKr	R00315	2.7.2.1	forward	Acetate;ATP C10H12N5O13P3	C00033;C00002	Acetyl phosphate;ADP C10H12N5O10P2	C00227;C00008	b2296	P0A6A3	b2296	b2296	1165.0	1	acetate	Escherichia coli	P0A6A3	20.0	7.5		brenda	100.0	148.87826429959102
ACKr	R00315	2.7.2.1	reverse	Acetyl phosphate;ADP C10H12N5O10P2	C00227;C00008	Acetate;ATP C10H12N5O13P3	C00033;C00002	b2296	P0A6A3	b2296	b2296	2150.0	1	acetyl phosphate	Escherichia coli	P0A6A3	20.0	7.5		brenda	100.0	176.3307746580556
ACKr	R00315	2.7.2.1	forward	Acetate;ATP C10H12N5O13P3	C00033;C00002	Acetyl phosphate;ADP C10H12N5O10P2	C00227;C00008	b1849	P33221	b2296		1165.0	3	acetate	Escherichia coli	P0A6A3	20.0	7.5		brenda	22.981366459627328	1.1451551950813996
ACKr	R00315	2.7.2.1	reverse	Acetyl phosphate;ADP C10H12N5O10P2	C00227;C00008	Acetate;ATP C10H12N5O13P3	C00033;C00002	b1849	P33221	b2296		2150.0	3	acetyl phosphate	Escherichia coli	P0A6A3	20.0	7.5		brenda	22.981366459627328	1.3603782841101466
PPC	R00345	4.1.1.31	forward	CO2 CO2;H2O H2O;Phosphoenolpyruvate	C00011;C00001;C00074	H+;Oxaloacetate;Phosphate	C00080;C00036;C00009	b3956	P00864	b3956	b3956	540.0	2	phosphoenolpyruvate	Escherichia coli	P00864			wildtype	brenda	100.0	13.21841376999635
ACONTa	R01325	4.2.1.3	forward	Citrate	C00158	Cis-Aconitate;H2O H2O	C00417;C00001	b0118	P36683	b0118;b1276	b0118	10.2	5	citrate	Homo sapiens	Q99798	25.0	7.4		brenda	23.313343328335833	
ACONTa	R01325	4.2.1.3	reverse	Cis-Aconitate;H2O H2O	C00417;C00001	Citrate	C00158	b0118	P36683	b0118;b1276	b0118	23.8	5	cis-aconitate	Homo sapiens	Q99798	25.0	7.4		brenda	23.313343328335833	99.37289942299573
ACONTa	R01325	4.2.1.3	forward	Citrate	C00158	Cis-Aconitate;H2O H2O	C00417;C00001	b1276	P25516	b0118;b1276	b1276	10.2	5	citrate	Homo sapiens	Q99798	25.0	7.4		brenda	26.783004552352047	
ACONTa	R01325	4.2.1.3	reverse	Cis-Aconitate;H2O H2O	C00417;C00001	Citrate	C00158	b1276	P25516	b0118;b1276	b1276	23.8	5	cis-aconitate	Homo sapiens	Q99798	25.0	7.4		brenda	26.783004552352047	639.0682438224168
ACONTb	R01900	4.2.1.3	forward	Cis-Aconitate;H2O H2O	C00417;C00001	Isocitrate	C00311	b0118	P36683	b0118;b1276	b0118	23.8	5	cis-aconitate	Homo sapiens	Q99798	25.0	7.4		brenda	23.313343328335833	99.37289942299573
ACONTb	R01900	4.2.1.3	reverse	Isocitrate	C00311	Cis-Aconitate;H2O H2O	C00417;C00001	b0118	P36683	b0118;b1276	b0118	14.1	5	isocitrate	Homo sapiens	Q99798	25.0	7.4		brenda	23.313343328335833	
ACONTb	R01900	4.2.1.3	forward	Cis-Aconitate;H2O H2O	C00417;C00001	Isocitrate	C00311	b1276	P25516	b0118;b1276	b1276	23.8	5	cis-aconitate	Homo sapiens	Q99798	25.0	7.4		brenda	26.783004552352047	639.0682438224168
ACONTb	R01900	4.2.1.3	reverse	Isocitrate	C00311	Cis-Aconitate;H2O H2O	C00417;C00001	b1276	P25516	b0118;b1276	b1276	14.1	5	isocitrate	Homo sapiens	Q99798	25.0	7.4		brenda	26.783004552352047	
ATPM	R00086	3.6.1.5	forward	ATP C10H12N5O13P3;H2O H2O	C00002;C00001	ADP C10H12N5O10P2;H+;Phosphate	C00008;C00080;C00009					40.5	7	AMPCPP	Rattus norvegicus	P97687	25.0	7.4	wildtype	brenda	-inf	
ATPM	R00086	3.6.1.8	forward	ATP C10H12N5O13P3;H2O H2O	C00002;C00001	ADP C10H12N5O10P2;H+;Phosphate	C00008;C00080;C00009						15									
ATPM	R00086	3.6.4.10	forward	ATP C10H12N5O13P3;H2O H2O	C00002;C00001	ADP C10H12N5O10P2;H+;Phosphate	C00008;C00080;C00009					0.002	6	ATP	Escherichia coli		37.0	7.4		brenda	-inf	
ATPM	R00086	3.6.1.3	forward	ATP C10H12N5O13P3;H2O H2O	C00002;C00001	ADP C10H12N5O10P2;H+;Phosphate	C00008;C00080;C00009						15									
ATPM	R00086	3.6.1.15	forward	ATP C10H12N5O13P3;H2O H2O	C00002;C00001	ADP C10H12N5O10P2;H+;Phosphate	C00008;C00080;C00009					0.0051	7	ADP	Homo sapiens		22.0	7.0	wildtype	brenda	-inf	
ATPM	R00086	3.6.3.11	forward	ATP C10H12N5O13P3;H2O H2O	C00002;C00001	ADP C10H12N5O10P2;H+;Phosphate	C00008;C00080;C00009						15									
ATPM	R00086	3.6.4.11	forward	ATP C10H12N5O13P3;H2O H2O	C00002;C00001	ADP C10H12N5O10P2;H+;Phosphate	C00008;C00080;C00009						15									
ATPM	R00086	3.6.4.6	forward	ATP C10H12N5O13P3;H2O H2O	C00002;C00001	ADP C10H12N5O10P2;H+;Phosphate	C00008;C00080;C00009					0.85	10	ATP	Saccharomyces cerevisiae					brenda	-inf	
ATPM	R00086	3.6.4.7	forward	ATP C10H12N5O13P3;H2O H2O	C00002;C00001	ADP C10H12N5O10P2;H+;Phosphate	C00008;C00080;C00009						15									
PPCK	R00341	4.1.1.49	forward	ATP C10H12N5O13P3;Oxaloacetate	C00002;C00036	ADP C10H12N5O10P2;CO2 CO2;Phosphoenolpyruvate	C00008;C00011;C00074	b3403	P22259	b3403	b3403	0.433	0	oxaloacetate	Escherichia coli	P22259	25.0	7.5	wildtype	brenda	100.0	11.468944820166397
PPS	R00199	2.7.9.2	forward	ATP C10H12N5O13P3;H2O H2O;Pyruvate	C00002;C00001;C00022	AMP C10H12N5O7P;H+;Phosphoenolpyruvate;Phosphate	C00020;C00080;C00074;C00009	b1702	P23538	b1702	b1702	0.683	7	pyruvate	Thermoproteus tenax	Q70WQ8	70.0	7.0		brenda	34.17085427135678	2.193590059610877
ADK1	R00127	2.7.4.3	forward	AMP C10H12N5O7P;ATP C10H12N5O13P3	C00020;C00002	ADP C10H12N5O10P2	C00008	b0474	P69441	b0474	b0474	0.035	7	AMP	Bacillus subtilis	P16304	27.0	7.2	wildtype	brenda	39.48220064724919	24.526007719428463
ADK1	R00127	2.7.4.3	reverse	ADP C10H12N5O10P2	C00008	AMP C10H12N5O7P;ATP C10H12N5O13P3	C00020;C00002	b0474	P69441	b0474	b0474	0.035	7	AMP	Bacillus subtilis	P16304	27.0	7.2	wildtype	brenda	39.48220064724919	28.56210959850295
AKGDH	R08549	1.2.1.52	forward	2-Oxoglutarate;Coenzyme A;Nicotinamide adenine dinucleotide	C00026;C00010;C00003	CO2 CO2;Nicotinamide adenine dinucleotide - reduced;Succinyl-CoA	C00011;C00004;C00091	b0116;b0726;b0727	P0AFG3;P0A9P0;P0AFG6				15									
AKGDH	R08549	2.3.1.61	forward	2-Oxoglutarate;Coenzyme A;Nicotinamide adenine dinucleotide	C00026;C00010;C00003	CO2 CO2;Nicotinamide adenine dinucleotide - reduced;Succinyl-CoA	C00011;C00004;C00091	b0116;b0726;b0727	P0AFG3;P0A9P0;P0AFG6	b0727	b0727	186.0	9	DL-dihydrolipoamide	Yarrowia lipolytica	Q6C5L8	30.0	8.0	wildtype	brenda	-inf	
AKGDH	R08549	1.8.1.4	forward	2-Oxoglutarate;Coenzyme A;Nicotinamide adenine dinucleotide	C00026;C00010;C00003	CO2 CO2;Nicotinamide adenine dinucleotide - reduced;Succinyl-CoA	C00011;C00004;C00091	b0116;b0726;b0727	P0AFG3;P0A9P0;P0AFG6	b0116	b0116	0.012	8	dihydrolipoamide	Leishmania donovani		37.0	7.5		brenda	-inf	
AKGDH	R08549	1.2.4.2	forward	2-Oxoglutarate;Coenzyme A;Nicotinamide adenine dinucleotide	C00026;C00010;C00003	CO2 CO2;Nicotinamide adenine dinucleotide - reduced;Succinyl-CoA	C00011;C00004;C00091	b0116;b0726;b0727	P0AFG3;P0A9P0;P0AFG6	b0726	b0726	2.7	4	2-oxoglutarate	Escherichia coli		30.0	8.0	wildtype	brenda	-inf	
PTAr	R00230	2.3.1.8	forward	Acetyl-CoA;Phosphate	C00024;C00009	Acetyl phosphate;Coenzyme A	C00227;C00010	b2297	P0A9M8	b2297	b2297	227.0	5	acetyl phosphate	Escherichia coli	P0A9M8	30.0	8.0	wildtype	brenda	100.0	50.512925202571715
PTAr	R00230	2.3.1.8	reverse	Acetyl phosphate;Coenzyme A	C00227;C00010	Acetyl-CoA;Phosphate	C00024;C00009	b2297	P0A9M8	b2297	b2297	227.0	2	acetyl phosphate	Escherichia coli	P0A9M8	30.0	8.0	wildtype	brenda	100.0	123.69174253342608
PTAr	R00230	2.3.1.8	forward	Acetyl-CoA;Phosphate	C00024;C00009	Acetyl phosphate;Coenzyme A	C00227;C00010	b2458	P77218	b2297		1500.0	5	phosphate	Methanosarcina thermophila		25.0	7.2		brenda	-inf	38.80751418398492
PTAr	R00230	2.3.1.8	reverse	Acetyl phosphate;Coenzyme A	C00227;C00010	Acetyl-CoA;Phosphate	C00024;C00009	b2458	P77218	b2297		227.0	4	acetyl phosphate	Escherichia coli	P0A9M8	30.0	8.0	wildtype	brenda	22.75379229871645	114.77072958847883
PYK	R00200	2.7.1.40	forward	ADP C10H12N5O10P2;H+;Phosphoenolpyruvate	C00008;C00080;C00074	ATP C10H12N5O13P3;Pyruvate	C00002;C00022	b1854	P21599	b1676;b1854	b1854	3204.0	4	phosphoenolpyruvate	Geobacillus stearothermophilus		30.0	7.2	wildtype	brenda	-inf	10.275439543080438
PYK	R00200	2.7.1.40	forward	ADP C10H12N5O10P2;H+;Phosphoenolpyruvate	C00008;C00080;C00074	ATP C10H12N5O13P3;Pyruvate	C00002;C00022	b1676	P0AD61	b1676;b1854	b1676	3204.0	4	phosphoenolpyruvate	Geobacillus stearothermophilus		30.0	7.2	wildtype	brenda	-inf	28.807704760019394
RPE	R01529	5.1.3.1	forward	D-Ribulose 5-phosphate	C00199	D-Xylulose 5-phosphate	C00231	b3386	P0AG07	b3386	b3386	7100.0	6	D-ribulose 5-phosphate	Spinacia oleracea	Q43157			wildtype	brenda	34.92063492063492	5.3210279555165885
RPE	R01529	5.1.3.1	reverse	D-Xylulose 5-phosphate	C00231	D-Ribulose 5-phosphate	C00199	b3386	P0AG07	b3386	b3386	1300.0	7	D-xylulose 5-phosphate	Saccharomyces cerevisiae					brenda	-inf	5.710800634161285
RPE	R01529	5.1.3.1	forward	D-Ribulose 5-phosphate	C00199	D-Xylulose 5-phosphate	C00231	b4301	P39362	b3386		7100.0	6	D-ribulose 5-phosphate	Spinacia oleracea	Q43157			wildtype	brenda	25.95419847328244	0.7960746180298546
RPE	R01529	5.1.3.1	reverse	D-Xylulose 5-phosphate	C00231	D-Ribulose 5-phosphate	C00199	b4301	P39362	b3386		1300.0	7	D-xylulose 5-phosphate	Saccharomyces cerevisiae					brenda	-inf	0.8146124451489112
CS	R00351	2.3.3.16	forward	Acetyl-CoA;H2O H2O;Oxaloacetate	C00024;C00001;C00036	Citrate;Coenzyme A;H+	C00158;C00010;C00080	b0720	P0ABH7			44.0	2	acetyl-CoA	Escherichia coli	P0ABH7			wildtype	brenda	100.0	32.26291392230399
CS	R00351	2.3.3.1	forward	Acetyl-CoA;H2O H2O;Oxaloacetate	C00024;C00001;C00036	Citrate;Coenzyme A;H+	C00158;C00010;C00080	b0720	P0ABH7	b0720	b0720	167.0	6	oxaloacetate	Sus scrofa				wildtype	brenda	-inf	32.26291392230399
CS	R00351	2.3.3.3	forward	Acetyl-CoA;H2O H2O;Oxaloacetate	C00024;C00001;C00036	Citrate;Coenzyme A;H+	C00158;C00010;C00080	b0720	P0ABH7				15									32.26291392230399
RPI		5.3.1.6	forward	Alpha-D-Ribose 5-phosphate	C03736	D-Ribulose 5-phosphate	C00199	b2914	P0A7Z0	b2914;b4090	b2914	2100.0	6	D-ribose 5-phosphate	Escherichia coli	P0A7Z0				brenda	100.0	10.314306029086072
RPI		5.3.1.6	reverse	D-Ribulose 5-phosphate	C00199	Alpha-D-Ribose 5-phosphate	C03736	b2914	P0A7Z0	b2914;b4090	b2914	2100.0	6	D-ribose 5-phosphate	Escherichia coli	P0A7Z0				brenda	100.0	8.407001644207515
RPI		5.3.1.6	forward	Alpha-D-Ribose 5-phosphate	C03736	D-Ribulose 5-phosphate	C00199	b4090	P37351	b2914;b4090	b4090	29.0	7	D-ribose 5-phosphate	Leishmania donovani	G9JM00	22.0	7.5	wildtype	brenda	31.557377049180328	17.63383253682287
RPI		5.3.1.6	reverse	D-Ribulose 5-phosphate	C00199	Alpha-D-Ribose 5-phosphate	C03736	b4090	P37351	b2914;b4090	b4090	29.0	7	D-ribose 5-phosphate	Leishmania donovani	G9JM00	22.0	7.5	wildtype	brenda	31.557377049180328	18.154820390848773
ENO	R00658	4.2.1.11	forward	D-Glycerate 2-phosphate	C00631	H2O H2O;Phosphoenolpyruvate	C00001;C00074	b2779	P0A6P9	b2779	b2779	37.0	8	2-phospho-D-glycerate	Theileria annulata	E9NJD0	25.0	7.4		brenda	43.04418985270049	7.504858154685503
ENO	R00658	4.2.1.11	reverse	H2O H2O;Phosphoenolpyruvate	C00001;C00074	D-Glycerate 2-phosphate	C00631	b2779	P0A6P9	b2779	b2779	34.07	6	phosphoenolpyruvate	Homo sapiens			6.8		brenda	-inf	12.110386846871279
SUCOAS	R00405	6.2.1.5	forward	ATP C10H12N5O13P3;Coenzyme A;Succinate	C00002;C00010;C00042	ADP C10H12N5O10P2;Phosphate;Succinyl-CoA	C00008;C00009;C00091	b0728;b0729	P0A836;P0AGE9	b0728;b0729	b0728;b0729	14.3	1	succinate	Escherichia coli K-12	P0AGE9	30.0	7.4		brenda	-inf	
SUCOAS	R00405	6.2.1.5	reverse	ADP C10H12N5O10P2;Phosphate;Succinyl-CoA	C00008;C00009;C00091	ATP C10H12N5O13P3;Coenzyme A;Succinate	C00002;C00010;C00042	b0728;b0729	P0A836;P0AGE9	b0728;b0729	b0728;b0729	0.2	4	3-sulfinopropionate	Escherichia coli K-12	P0AGE9	30.0	7.4		brenda	-inf	
TALA	R01827	2.2.1.2	forward	Glyceraldehyde 3-phosphate;Sedoheptulose 7-phosphate	C00661;C05382	D-Erythrose 4-phosphate;D-Fructose 6-phosphate	C00279;C05345	b2464	P0A867	b0008;b2464	b2464	13.0	4	glyceraldehyde 3-phosphate	Escherichia coli		30.0	8.5	wildtype	brenda	-inf	3.328293104600995
TALA	R01827	2.2.1.2	reverse	D-Erythrose 4-phosphate;D-Fructose 6-phosphate	C00279;C05345	Glyceraldehyde 3-phosphate;Sedoheptulose 7-phosphate	C00661;C05382	b2464	P0A867	b0008;b2464	b2464	13.86	4	D-fructose 6-phosphate	Thermoplasma acidophilum	Q9HKI3	30.0	7.5	wildtype	brenda	26.525821596244132	4.500607490619508
TALA	R01827	2.2.1.2	forward	Glyceraldehyde 3-phosphate;Sedoheptulose 7-phosphate	C00661;C05382	D-Erythrose 4-phosphate;D-Fructose 6-phosphate	C00279;C05345	b0008	P0A870	b0008;b2464	b0008	13.0	4	glyceraldehyde 3-phosphate	Escherichia coli		30.0	8.5	wildtype	brenda	-inf	3.5472434465056786
TALA	R01827	2.2.1.2	reverse	D-Erythrose 4-phosphate;D-Fructose 6-phosphate	C00279;C05345	Glyceraldehyde 3-phosphate;Sedoheptulose 7-phosphate	C00661;C05382	b0008	P0A870	b0008;b2464	b0008	13.86	4	D-fructose 6-phosphate	Thermoplasma acidophilum	Q9HKI3	30.0	7.5	wildtype	brenda	25.290023201856147	4.524996528624818
THD2		1.6.1.1	forward	H+;Nicotinamide adenine dinucleotide - reduced;Nicotinamide adenine dinucleotide phosphate	C00080;C00004;C00006	H+;Nicotinamide adenine dinucleotide;Nicotinamide adenine dinucleotide phosphate - reduced	C00080;C00003;C00005	b1602;b1603	P07001;P0AB67	b3962		167.9	6	NADPH	Escherichia coli		35.0	7.5		brenda	-inf	
TKT1		2.2.1.1	forward	Alpha-D-Ribose 5-phosphate;D-Xylulose 5-phosphate	C03736;C00231	Glyceraldehyde 3-phosphate;Sedoheptulose 7-phosphate	C00661;C05382	b2935	P27302	b2465;b2935	b2935	671.0	5	D-xylulose 5-phosphate	Salmonella enterica subsp. enterica serovar Typhimurium	A0A0F6B6H7	37.0	7.5		brenda	92.45283018867924	47.74190728180715
TKT1		2.2.1.1	reverse	Glyceraldehyde 3-phosphate;Sedoheptulose 7-phosphate	C00661;C05382	Alpha-D-Ribose 5-phosphate;D-Xylulose 5-phosphate	C03736;C00231	b2935	P27302	b2465;b2935	b2935	28.642	6	sedoheptulose 7-phosphate	Scheffersomyces stipitis	P34736	25.0	8.0	wildtype	brenda	36.87436159346272	21.15555546521273
TKT1		2.2.1.1	forward	Alpha-D-Ribose 5-phosphate;D-Xylulose 5-phosphate	C03736;C00231	Glyceraldehyde 3-phosphate;Sedoheptulose 7-phosphate	C00661;C05382	b2465	P33570	b2465;b2935	b2465	671.0	5	D-xylulose 5-phosphate	Salmonella enterica subsp. enterica serovar Typhimurium	A0A0F6B4M5	37.0	7.5		brenda	86.69467787114846	35.44601859802647
TKT1		2.2.1.1	reverse	Glyceraldehyde 3-phosphate;Sedoheptulose 7-phosphate	C00661;C05382	Alpha-D-Ribose 5-phosphate;D-Xylulose 5-phosphate	C03736;C00231	b2465	P33570	b2465;b2935	b2465	28.642	6	sedoheptulose 7-phosphate	Scheffersomyces stipitis	P34736	25.0	8.0	wildtype	brenda	37.5639713408393	15.58189941751035
TKT2	R01830	2.2.1.1	forward	D-Erythrose 4-phosphate;D-Xylulose 5-phosphate	C00279;C00231	D-Fructose 6-phosphate;Glyceraldehyde 3-phosphate	C05345;C00661	b2935	P27302	b2465;b2935	b2935	671.0	5	D-xylulose 5-phosphate	Salmonella enterica subsp. enterica serovar Typhimurium	A0A0F6B6H7	37.0	7.5		brenda	92.45283018867924	47.74190728180715
TKT2	R01830	2.2.1.1	reverse	D-Fructose 6-phosphate;Glyceraldehyde 3-phosphate	C05345;C00661	D-Erythrose 4-phosphate;D-Xylulose 5-phosphate	C00279;C00231	b2935	P27302	b2465;b2935	b2935	26.87	6	D-fructose 6-phosphate	Scheffersomyces stipitis	P34736	25.0	8.0	wildtype	brenda	36.87436159346272	28.423061799223174
TKT2	R01830	2.2.1.1	forward	D-Erythrose 4-phosphate;D-Xylulose 5-phosphate	C00279;C00231	D-Fructose 6-phosphate;Glyceraldehyde 3-phosphate	C05345;C00661	b2465	P33570	b2465;b2935	b2465	671.0	5	D-xylulose 5-phosphate	Salmonella enterica subsp. enterica serovar Typhimurium	A0A0F6B4M5	37.0	7.5		brenda	86.69467787114846	35.44601859802647
TKT2	R01830	2.2.1.1	reverse	D-Fructose 6-phosphate;Glyceraldehyde 3-phosphate	C05345;C00661	D-Erythrose 4-phosphate;D-Xylulose 5-phosphate	C00279;C00231	b2465	P33570	b2465;b2935	b2465	26.87	6	D-fructose 6-phosphate	Scheffersomyces stipitis	P34736	25.0	8.0	wildtype	brenda	37.5639713408393	21.806608093980397
TPI	R01015	5.3.1.1	forward	Dihydroxyacetone phosphate	C00111	Glyceraldehyde 3-phosphate	C00661	b3919	P0A858	b3919	b3919	300.0	4	dihydroxyacetone phosphate	Trypanosoma brucei brucei		25.0	7.5	wildtype	brenda	-inf	
TPI	R01015	5.3.1.1	reverse	Glyceraldehyde 3-phosphate	C00661	Dihydroxyacetone phosphate	C00111	b3919	P0A858	b3919	b3919	340.0	7	dihydroxyacetone 3-phosphate	Gallus gallus	P00940	25.0	7.5	wildtype	brenda	38.18681318681319	723.35842207695
FBA	R01068	4.1.2.13	forward	D-Fructose 1,6-bisphosphate	C00354	Dihydroxyacetone phosphate;Glyceraldehyde 3-phosphate	C00111;C00661	b2097	P0A991	b2097;b2925	b2097	8.2	3	D-fructose 1,6-bisphosphate	Escherichia coli	P0AB71	30.0		wildtype	brenda	23.519163763066203	
FBA	R01068	4.1.2.13	reverse	Dihydroxyacetone phosphate;Glyceraldehyde 3-phosphate	C00111;C00661	D-Fructose 1,6-bisphosphate	C00354	b2097	P0A991	b2097;b2925	b2097	0.002	5	dihydroxyacetone phosphate	Methylococcus capsulatus	Q602L6	30.0	7.5		brenda	22.434782608695652	2.162957668461916
FBA	R01068	4.1.2.13	forward	D-Fructose 1,6-bisphosphate	C00354	Dihydroxyacetone phosphate;Glyceraldehyde 3-phosphate	C00111;C00661	b1773	P77704	b2097;b2925		8.2	3	D-fructose 1,6-bisphosphate	Escherichia coli	P0AB71	30.0		wildtype	brenda	24.4140625	
FBA	R01068	4.1.2.13	reverse	Dihydroxyacetone phosphate;Glyceraldehyde 3-phosphate	C00111;C00661	D-Fructose 1,6-bisphosphate	C00354	b1773	P77704	b2097;b2925		0.002	5	dihydroxyacetone phosphate	Methylococcus capsulatus	Q602L6	30.0	7.5		brenda	26.90763052208835	11.039925111407129
FBA	R01068	4.1.2.13	forward	D-Fructose 1,6-bisphosphate	C00354	Dihydroxyacetone phosphate;Glyceraldehyde 3-phosphate	C00111;C00661	b2925	P0AB71	b2097;b2925	b2925	8.2	1	D-fructose 1,6-bisphosphate	Escherichia coli	P0AB71	30.0		wildtype	brenda	100.0	
FBA	R01068	4.1.2.13	reverse	Dihydroxyacetone phosphate;Glyceraldehyde 3-phosphate	C00111;C00661	D-Fructose 1,6-bisphosphate	C00354	b2925	P0AB71	b2097;b2925	b2925	8.2	4	D-fructose 1,6-bisphosphate	Escherichia coli	P0AB71	30.0		wildtype	brenda	100.0	2.723769873786433
FBP		3.1.3.11	forward	D-Fructose 1,6-bisphosphate;H2O H2O	C00354;C00001	D-Fructose 6-phosphate;Phosphate	C05345;C00009	b3925	P0A9C9	b2930;b3925;b4232	b3925	5.7	2	D-fructose 1,6-bisphosphate	Escherichia coli	P0A9C9	37.0	9.0	wildtype	brenda	100.0	86.35147496575765
FBP		3.1.3.11	forward	D-Fructose 1,6-bisphosphate;H2O H2O	C00354;C00001	D-Fructose 6-phosphate;Phosphate	C05345;C00009	b4232	P0A993	b2930;b3925;b4232	b4232	8.0	1	D-fructose 1,6-bisphosphate	Escherichia coli	P0A993	22.0	7.5		brenda	100.0	36.963460840556245
FUM	R01082	4.2.1.2	forward	Fumarate;H2O H2O	C00122;C00001	L-Malate	C00149	b1612	P0AC33	b1611;b1612;b1675;b2929;b4122	b1612	100.0	4	fumarate	Synechocystis sp. 6803		30.0	7.5	wildtype	brenda	-inf	54.64172361173035
FUM	R01082	4.2.1.2	reverse	L-Malate	C00149	Fumarate;H2O H2O	C00122;C00001	b1612	P0AC33	b1611;b1612;b1675;b2929;b4122	b1612	0.055	4	L-malate	Rhizopus arrhizus	P55250	30.0	7.3	wildtype	brenda	23.167848699763592	4.659331773803365
FUM	R01082	4.2.1.2	forward	Fumarate;H2O H2O	C00122;C00001	L-Malate	C00149	b4122	P14407	b1611;b1612;b1675;b2929;b4122	b4122	100.0	4	fumarate	Synechocystis sp. 6803		30.0	7.5	wildtype	brenda	-inf	54.61648682928562
FUM	R01082	4.2.1.2	reverse	L-Malate	C00149	Fumarate;H2O H2O	C00122;C00001	b4122	P14407	b1611;b1612;b1675;b2929;b4122	b4122	0.055	4	L-malate	Rhizopus arrhizus	P55250	30.0	7.3	wildtype	brenda	23.31360946745562	4.794743624998446
FUM	R01082	4.2.1.2	forward	Fumarate;H2O H2O	C00122;C00001	L-Malate	C00149	b1611	P05042	b1611;b1612;b1675;b2929;b4122	b1611	1149.0	4	fumarate	Escherichia coli	P05042		7.9		brenda	100.0	79.30652486043509
FUM	R01082	4.2.1.2	reverse	L-Malate	C00149	Fumarate;H2O H2O	C00122;C00001	b1611	P05042	b1611;b1612;b1675;b2929;b4122	b1611	0.055	4	L-malate	Rhizopus arrhizus	P55250	30.0	7.3	wildtype	brenda	47.166921898928024	5.229509032711876
G6PDH2r	R00835	1.1.1.363	forward	D-Glucose 6-phosphate;Nicotinamide adenine dinucleotide phosphate	C00092;C00006	6-phospho-D-glucono-1,5-lactone;H+;Nicotinamide adenine dinucleotide phosphate - reduced	C01236;C00080;C00005	b1852	P0AC53	b1852	b1852	522.0	6	D-glucose 6-phosphate	Leuconostoc mesenteroides	P11411	25.0	7.6	wildtype	brenda	29.920212765957448	331.1092935728773
G6PDH2r	R00835	1.1.1.363	reverse	6-phospho-D-glucono-1,5-lactone;H+;Nicotinamide adenine dinucleotide phosphate - reduced	C01236;C00080;C00005	D-Glucose 6-phosphate;Nicotinamide adenine dinucleotide phosphate	C00092;C00006	b1852	P0AC53	b1852	b1852	522.0	9	D-glucose 6-phosphate	Leuconostoc mesenteroides	P11411	25.0	7.6	wildtype	brenda	29.920212765957448	324.13094202251966
G6PDH2r	R00835	1.1.1.49	forward	D-Glucose 6-phosphate;Nicotinamide adenine dinucleotide phosphate	C00092;C00006	6-phospho-D-glucono-1,5-lactone;H+;Nicotinamide adenine dinucleotide phosphate - reduced	C01236;C00080;C00005	b1852	P0AC53	b1852	b1852	62.0	4	D-glucose 6-phosphate	Trypanosoma cruzi	Q1WBU6	25.0	7.5	wildtype	brenda	29.77667493796526	331.1092935728773
G6PDH2r	R00835	1.1.1.49	reverse	6-phospho-D-glucono-1,5-lactone;H+;Nicotinamide adenine dinucleotide phosphate - reduced	C01236;C00080;C00005	D-Glucose 6-phosphate;Nicotinamide adenine dinucleotide phosphate	C00092;C00006	b1852	P0AC53	b1852	b1852	62.0	7	D-glucose 6-phosphate	Trypanosoma cruzi	Q1WBU6	25.0	7.5	wildtype	brenda	29.77667493796526	324.13094202251966
GAPD	R01061	1.2.1.12	forward	Glyceraldehyde 3-phosphate;Nicotinamide adenine dinucleotide;Phosphate	C00661;C00003;C00009	3-Phospho-D-glyceroyl phosphate;H+;Nicotinamide adenine dinucleotide - reduced	C00236;C00080;C00004	b1779	P0A9B2	b1779	b1779	1.58	8	D-glyceraldehyde 3-phosphate	Fasciola gigantica	A0A504YZJ3	37.0	7.4		brenda	48.3370288248337	7.1527511197422715
GAPD	R01061	1.2.1.12	reverse	3-Phospho-D-glyceroyl phosphate;H+;Nicotinamide adenine dinucleotide - reduced	C00236;C00080;C00004	Glyceraldehyde 3-phosphate;Nicotinamide adenine dinucleotide;Phosphate	C00661;C00003;C00009	b1779	P0A9B2	b1779	b1779	73.56	6	3-phospho-D-glyceroyl phosphate	Oryza sativa	Q0J8A4	25.0	7.6	wildtype	brenda	52.860411899313505	3.915178459313037
GAPD	R01061	1.2.1.59	forward	Glyceraldehyde 3-phosphate;Nicotinamide adenine dinucleotide;Phosphate	C00661;C00003;C00009	3-Phospho-D-glyceroyl phosphate;H+;Nicotinamide adenine dinucleotide - reduced	C00236;C00080;C00004	b1779	P0A9B2				15									7.1527511197422715
GAPD	R01061	1.2.1.59	reverse	3-Phospho-D-glyceroyl phosphate;H+;Nicotinamide adenine dinucleotide - reduced	C00236;C00080;C00004	Glyceraldehyde 3-phosphate;Nicotinamide adenine dinucleotide;Phosphate	C00661;C00003;C00009	b1779	P0A9B2				15									3.915178459313037
GLNS	R00253	6.3.1.2	forward	ATP C10H12N5O13P3;L-Glutamate;Ammonium	C00002;C00025;C00014	ADP C10H12N5O10P2;L-Glutamine;H+;Phosphate	C00008;C00064;C00080;C00009	b3870	P0A9C5	b3870	b3870	131.7	3	L-glutamate	Escherichia coli		37.0	7.4		brenda	-inf	14.729555624154901
GLNS	R00253	6.3.1.2	forward	ATP C10H12N5O13P3;L-Glutamate;Ammonium	C00002;C00025;C00014	ADP C10H12N5O10P2;L-Glutamine;H+;Phosphate	C00008;C00064;C00080;C00009	b1297	P78061	b3870		131.7	3	L-glutamate	Escherichia coli		37.0	7.4		brenda	-inf	12.897416352069929
GLUDy	R00248	1.4.1.13	forward	L-Glutamate;H2O H2O;Nicotinamide adenine dinucleotide phosphate	C00025;C00001;C00006	2-Oxoglutarate;H+;Nicotinamide adenine dinucleotide phosphate - reduced;Ammonium	C00026;C00080;C00005;C00014	b1761	P00370	b3212;b3213		20.0	10	iodonitrotetrazolium	Azospirillum brasilense					brenda	-inf	25.675037662038353
GLUDy	R00248	1.4.1.13	reverse	2-Oxoglutarate;H+;Nicotinamide adenine dinucleotide phosphate - reduced;Ammonium	C00026;C00080;C00005;C00014	L-Glutamate;H2O H2O;Nicotinamide adenine dinucleotide phosphate	C00025;C00001;C00006	b1761	P00370	b3212;b3213		20.0	10	iodonitrotetrazolium	Azospirillum brasilense					brenda	-inf	52.949552053453495
GLUDy	R00248	1.4.1.3	forward	L-Glutamate;H2O H2O;Nicotinamide adenine dinucleotide phosphate	C00025;C00001;C00006	2-Oxoglutarate;H+;Nicotinamide adenine dinucleotide phosphate - reduced;Ammonium	C00026;C00080;C00005;C00014	b1761	P00370			65.0	6	L-glutamate	Homo sapiens		25.0	9.5	wildtype	brenda	-inf	25.675037662038353
GLUDy	R00248	1.4.1.3	reverse	2-Oxoglutarate;H+;Nicotinamide adenine dinucleotide phosphate - reduced;Ammonium	C00026;C00080;C00005;C00014	L-Glutamate;H2O H2O;Nicotinamide adenine dinucleotide phosphate	C00025;C00001;C00006	b1761	P00370			104.0	6	2-oxoglutarate	Homo sapiens		25.0	8.0	wildtype	brenda	-inf	52.949552053453495
GLUDy	R00248	1.4.1.4	forward	L-Glutamate;H2O H2O;Nicotinamide adenine dinucleotide phosphate	C00025;C00001;C00006	2-Oxoglutarate;H+;Nicotinamide adenine dinucleotide phosphate - reduced;Ammonium	C00026;C00080;C00005;C00014	b1761	P00370	b1761	b1761	17.1	2	L-glutamate	Escherichia coli	P00370	22.0	8.0	wildtype	brenda	100.0	25.675037662038353
GLUDy	R00248	1.4.1.4	reverse	2-Oxoglutarate;H+;Nicotinamide adenine dinucleotide phosphate - reduced;Ammonium	C00026;C00080;C00005;C00014	L-Glutamate;H2O H2O;Nicotinamide adenine dinucleotide phosphate	C00025;C00001;C00006	b1761	P00370	b1761	b1761	2500.0	4	2-oxoglutarate	Corynebacterium glutamicum	A0A0U4QBJ6	30.0	7.0	wildtype	brenda	0.0	52.949552053453495
GLUN	R00256	6.3.5.2	forward	L-Glutamine;H2O H2O	C00064;C00001	L-Glutamate;Ammonium	C00025;C00014	b1812	P05041	b2507		13.7	4	L-glutamine	Escherichia coli	P04079	37.0	8.5	wildtype	brenda	22.71016311166876	0.5659979512265368
GLUN	R00256	6.3.5.2	forward	L-Glutamine;H2O H2O	C00064;C00001	L-Glutamate;Ammonium	C00025;C00014	b0485	P77454	b2507		13.7	4	L-glutamine	Escherichia coli	P04079	37.0	8.5	wildtype	brenda	22.25475841874085	27.877126625850572
GLUN	R00256	6.3.5.2	forward	L-Glutamine;H2O H2O	C00064;C00001	L-Glutamate;Ammonium	C00025;C00014	b1524	P0A6W0	b2507		13.7	4	L-glutamine	Escherichia coli	P04079	37.0	8.5	wildtype	brenda	21.961932650073205	50.47429747419948
GLUN	R00256	4.3.3.6	forward	L-Glutamine;H2O H2O	C00064;C00001	L-Glutamate;Ammonium	C00025;C00014	b1812	P05041			0.024	4	L-glutamine	Bacillus subtilis		37.0	7.5	wildtype	brenda	-inf	0.5659979512265368
GLUN	R00256	4.3.3.6	forward	L-Glutamine;H2O H2O	C00064;C00001	L-Glutamate;Ammonium	C00025;C00014	b0485	P77454			0.024	4	L-glutamine	Bacillus subtilis		37.0	7.5	wildtype	brenda	-inf	27.877126625850572
GLUN	R00256	4.3.3.6	forward	L-Glutamine;H2O H2O	C00064;C00001	L-Glutamate;Ammonium	C00025;C00014	b1524	P0A6W0			0.024	4	L-glutamine	Bacillus subtilis		37.0	7.5	wildtype	brenda	-inf	50.47429747419948
GLUN	R00256	6.3.5.5	forward	L-Glutamine;H2O H2O	C00064;C00001	L-Glutamate;Ammonium	C00025;C00014	b1812	P05041	b0032;b0033		2.13	4	L-glutamine	Escherichia coli		25.0	7.6	wildtype	brenda	-inf	0.5659979512265368
GLUN	R00256	6.3.5.5	forward	L-Glutamine;H2O H2O	C00064;C00001	L-Glutamate;Ammonium	C00025;C00014	b0485	P77454	b0032;b0033		2.13	4	L-glutamine	Escherichia coli		25.0	7.6	wildtype	brenda	-inf	27.877126625850572
GLUN	R00256	6.3.5.5	forward	L-Glutamine;H2O H2O	C00064;C00001	L-Glutamate;Ammonium	C00025;C00014	b1524	P0A6W0	b0032;b0033		2.13	4	L-glutamine	Escherichia coli		25.0	7.6	wildtype	brenda	-inf	50.47429747419948
GLUN	R00256	1.4.7.1	forward	L-Glutamine;H2O H2O	C00064;C00001	L-Glutamate;Ammonium	C00025;C00014	b1812	P05041			137.0	7	L-glutamine	Oryza sativa					brenda	-inf	0.5659979512265368
GLUN	R00256	1.4.7.1	forward	L-Glutamine;H2O H2O	C00064;C00001	L-Glutamate;Ammonium	C00025;C00014	b0485	P77454			137.0	7	L-glutamine	Oryza sativa					brenda	-inf	27.877126625850572
GLUN	R00256	1.4.7.1	forward	L-Glutamine;H2O H2O	C00064;C00001	L-Glutamate;Ammonium	C00025;C00014	b1524	P0A6W0			137.0	7	L-glutamine	Oryza sativa					brenda	-inf	50.47429747419948
GLUN	R00256	6.3.5.4	forward	L-Glutamine;H2O H2O	C00064;C00001	L-Glutamate;Ammonium	C00025;C00014	b1812	P05041	b0674		0.8	5	L-glutamine	Escherichia coli					brenda	-inf	0.5659979512265368
GLUN	R00256	6.3.5.4	forward	L-Glutamine;H2O H2O	C00064;C00001	L-Glutamate;Ammonium	C00025;C00014	b0485	P77454	b0674		0.8	5	L-glutamine	Escherichia coli					brenda	-inf	27.877126625850572
GLUN	R00256	6.3.5.4	forward	L-Glutamine;H2O H2O	C00064;C00001	L-Glutamate;Ammonium	C00025;C00014	b1524	P0A6W0	b0674		0.8	5	L-glutamine	Escherichia coli					brenda	-inf	50.47429747419948
GLUN	R00256	3.5.1.2	forward	L-Glutamine;H2O H2O	C00064;C00001	L-Glutamate;Ammonium	C00025;C00014	b1812	P05041	b0485;b1524		2.1	4	L-glutamine	Helicobacter pylori	A0A2X5A091	37.0	7.5	wildtype	brenda	0.0	0.5659979512265368
GLUN	R00256	3.5.1.2	forward	L-Glutamine;H2O H2O	C00064;C00001	L-Glutamate;Ammonium	C00025;C00014	b0485	P77454	b0485;b1524	b0485	91.4	3	L-glutamine	Escherichia coli	P77454				brenda	100.0	27.877126625850572
GLUN	R00256	3.5.1.2	forward	L-Glutamine;H2O H2O	C00064;C00001	L-Glutamate;Ammonium	C00025;C00014	b1524	P0A6W0	b0485;b1524	b1524	91.4	3	L-glutamine	Escherichia coli	P0A6W0				brenda	100.0	50.47429747419948
GLUN	R00256	6.3.4.2	forward	L-Glutamine;H2O H2O	C00064;C00001	L-Glutamate;Ammonium	C00025;C00014	b1812	P05041	b2780		1.41	4	L-glutamine	Escherichia coli	P0A7E5	37.0	8.0	wildtype	brenda	23.209876543209877	0.5659979512265368
GLUN	R00256	6.3.4.2	forward	L-Glutamine;H2O H2O	C00064;C00001	L-Glutamate;Ammonium	C00025;C00014	b0485	P77454	b2780		1.41	4	L-glutamine	Escherichia coli	P0A7E5	37.0	8.0	wildtype	brenda	21.794871794871796	27.877126625850572
GLUN	R00256	6.3.4.2	forward	L-Glutamine;H2O H2O	C00064;C00001	L-Glutamate;Ammonium	C00025;C00014	b1524	P0A6W0	b2780		1.41	4	L-glutamine	Escherichia coli	P0A7E5	37.0	8.0	wildtype	brenda	21.683309557774606	50.47429747419948
GLUN	R00256	1.4.1.13	forward	L-Glutamine;H2O H2O	C00064;C00001	L-Glutamate;Ammonium	C00025;C00014	b1812	P05041	b3212;b3213		20.0	10	iodonitrotetrazolium	Azospirillum brasilense					brenda	-inf	0.5659979512265368
GLUN	R00256	1.4.1.13	forward	L-Glutamine;H2O H2O	C00064;C00001	L-Glutamate;Ammonium	C00025;C00014	b0485	P77454	b3212;b3213		20.0	10	iodonitrotetrazolium	Azospirillum brasilense					brenda	-inf	27.877126625850572
GLUN	R00256	1.4.1.13	forward	L-Glutamine;H2O H2O	C00064;C00001	L-Glutamate;Ammonium	C00025;C00014	b1524	P0A6W0	b3212;b3213		20.0	10	iodonitrotetrazolium	Azospirillum brasilense					brenda	-inf	50.47429747419948
GLUN	R00256	3.5.1.38	forward	L-Glutamine;H2O H2O	C00064;C00001	L-Glutamate;Ammonium	C00025;C00014	b1812	P05041			0.00075	7	L-glutamine	Streptomyces canarius					brenda	-inf	0.5659979512265368
GLUN	R00256	3.5.1.38	forward	L-Glutamine;H2O H2O	C00064;C00001	L-Glutamate;Ammonium	C00025;C00014	b0485	P77454			0.00075	7	L-glutamine	Streptomyces canarius					brenda	-inf	27.877126625850572
GLUN	R00256	3.5.1.38	forward	L-Glutamine;H2O H2O	C00064;C00001	L-Glutamate;Ammonium	C00025;C00014	b1524	P0A6W0			0.00075	7	L-glutamine	Streptomyces canarius					brenda	-inf	50.47429747419948
GLUSy	R00114	1.4.1.13	forward	2-Oxoglutarate;L-Glutamine;H+;Nicotinamide adenine dinucleotide phosphate - reduced	C00026;C00064;C00080;C00005	L-Glutamate;Nicotinamide adenine dinucleotide phosphate	C00025;C00006	b3212;b3213	P09832;P09831	b3212;b3213	b3212;b3213	20.0	10	iodonitrotetrazolium	Azospirillum brasilense					brenda	-inf	
GND	R01528	1.1.1.44	forward	6-Phospho-D-gluconate;Nicotinamide adenine dinucleotide phosphate	C00345;C00006	CO2 CO2;Nicotinamide adenine dinucleotide phosphate - reduced;D-Ribulose 5-phosphate	C00011;C00005;C00199	b2029	P00350	b2029	b2029	64.5	4	6-phospho-D-gluconate	Synechocystis sp.	P52208	32.0	7.3	wildtype	brenda	45.48238897396631	15.678659328901777
GND	R01528	1.1.1.351	forward	6-Phospho-D-gluconate;Nicotinamide adenine dinucleotide phosphate	C00345;C00006	CO2 CO2;Nicotinamide adenine dinucleotide phosphate - reduced;D-Ribulose 5-phosphate	C00011;C00005;C00199	b2029	P00350			325.0	7	6-phospho-D-gluconate	Thermotoga maritima		80.0	7.5		brenda	-inf	15.678659328901777
ICDHyr	R00267	1.1.1.42	forward	Isocitrate;Nicotinamide adenine dinucleotide phosphate	C00311;C00006	2-Oxoglutarate;CO2 CO2;Nicotinamide adenine dinucleotide phosphate - reduced	C00026;C00011;C00005	b1136	P08200	b1136	b1136	51.8	0	isocitrate	Escherichia coli	P08200	25.0	7.5	wildtype	brenda	100.0	5.3880550051433165
ICDHyr	R00267	1.1.1.42	reverse	2-Oxoglutarate;CO2 CO2;Nicotinamide adenine dinucleotide phosphate - reduced	C00026;C00011;C00005	Isocitrate;Nicotinamide adenine dinucleotide phosphate	C00311;C00006	b1136	P08200	b1136	b1136	51.8	3	isocitrate	Escherichia coli	P08200	25.0	7.5	wildtype	brenda	100.0	1.324343652324546
ICL	R00479	4.1.3.1	forward	Isocitrate	C00311	Glyoxylate;Succinate	C00048;C00042	b4015	P0A9G6	b4015	b4015	17.6	4	isocitrate	Pyricularia oryzae	P0CT06	37.0	7.0	wildtype	brenda	29.933774834437084	
LDH_D	R00704	1.1.1.28	forward	D-Lactate;Nicotinamide adenine dinucleotide	C00256;C00003	H+;Nicotinamide adenine dinucleotide - reduced;Pyruvate	C00080;C00004;C00022	b2133	P06149	b1380		31.0	6	2-oxobutyrate	Escherichia coli	A0A140N893	30.0	7.0		brenda	0.0	6.165889393966138
LDH_D	R00704	1.1.1.28	reverse	H+;Nicotinamide adenine dinucleotide - reduced;Pyruvate	C00080;C00004;C00022	D-Lactate;Nicotinamide adenine dinucleotide	C00256;C00003	b2133	P06149	b1380		410.0	3	pyruvate	Escherichia coli	A0A140N893	30.0	7.0		brenda	0.0	2.678953982346429
LDH_D	R00704	1.1.1.28	forward	D-Lactate;Nicotinamide adenine dinucleotide	C00256;C00003	H+;Nicotinamide adenine dinucleotide - reduced;Pyruvate	C00080;C00004;C00022	b1380	P52643	b1380	b1380	31.0	6	2-oxobutyrate	Escherichia coli	A0A140N893	30.0	7.0		brenda	0.0	14.810367789006195
LDH_D	R00704	1.1.1.28	reverse	H+;Nicotinamide adenine dinucleotide - reduced;Pyruvate	C00080;C00004;C00022	D-Lactate;Nicotinamide adenine dinucleotide	C00256;C00003	b1380	P52643	b1380	b1380	410.0	3	pyruvate	Escherichia coli	A0A140N893	30.0	7.0		brenda	0.0	15.277095195505137
MALS	R00472	2.3.3.9	forward	Acetyl-CoA;Glyoxylate;H2O H2O	C00024;C00048;C00001	Coenzyme A;H+;L-Malate	C00010;C00080;C00149	b4014	P08997	b2976;b4014	b4014	23.0	4	glyoxylate	Mycobacterium tuberculosis	P9WK17	25.0	7.5	wildtype	brenda	23.929961089494164	17.77350274118635
MALS	R00472	2.3.3.9	forward	Acetyl-CoA;Glyoxylate;H2O H2O	C00024;C00048;C00001	Coenzyme A;H+;L-Malate	C00010;C00080;C00149	b2976	P37330	b2976;b4014	b2976	23.0	4	glyoxylate	Mycobacterium tuberculosis	P9WK17	25.0	7.5	wildtype	brenda	44.80712166172107	21.75970091226576
MDH	R00342	1.1.1.37	forward	L-Malate;Nicotinamide adenine dinucleotide	C00149;C00003	H+;Nicotinamide adenine dinucleotide - reduced;Oxaloacetate	C00080;C00004;C00036	b3236	P61889	b3236	b3236	931.0	3	oxaloacetate	Escherichia coli	P61889	30.0	7.5	wildtype	brenda	100.0	104.42581850888726
MDH	R00342	1.1.1.37	reverse	H+;Nicotinamide adenine dinucleotide - reduced;Oxaloacetate	C00080;C00004;C00036	L-Malate;Nicotinamide adenine dinucleotide	C00149;C00003	b3236	P61889	b3236	b3236	931.0	0	oxaloacetate	Escherichia coli	P61889	30.0	7.5	wildtype	brenda	100.0	205.36321267637953
MDH	R00342	1.1.1.299	forward	L-Malate;Nicotinamide adenine dinucleotide	C00149;C00003	H+;Nicotinamide adenine dinucleotide - reduced;Oxaloacetate	C00080;C00004;C00036	b3236	P61889			48.4	6	L-malate	Flavobacterium frigidimaris		20.0			brenda	-inf	104.42581850888726
MDH	R00342	1.1.1.299	reverse	H+;Nicotinamide adenine dinucleotide - reduced;Oxaloacetate	C00080;C00004;C00036	L-Malate;Nicotinamide adenine dinucleotide	C00149;C00003	b3236	P61889			444.0	7	oxaloacetate	Ignicoccus islandicus		70.0	7.0		brenda	-inf	205.36321267637953
ME1	R00214	1.1.1.38	forward	L-Malate;Nicotinamide adenine dinucleotide	C00149;C00003	CO2 CO2;Nicotinamide adenine dinucleotide - reduced;Pyruvate	C00011;C00004;C00022	b1479	P26616	b1479	b1479	43.0	7	(S)-malate	Homo sapiens	P23368	30.0	7.4	wildtype	brenda	32.986111111111114	38.21223452543511
ME1	R00214	1.1.1.39	forward	L-Malate;Nicotinamide adenine dinucleotide	C00149;C00003	CO2 CO2;Nicotinamide adenine dinucleotide - reduced;Pyruvate	C00011;C00004;C00022	b1479	P26616			31.1	8	(S)-malate	Arabidopsis thaliana	Q9SIU0	30.0	7.4		brenda	31.70731707317073	38.21223452543511
ME2	R00216	1.1.1.40	forward	L-Malate;Nicotinamide adenine dinucleotide phosphate	C00149;C00006	CO2 CO2;Nicotinamide adenine dinucleotide phosphate - reduced;Pyruvate	C00011;C00005;C00022	b2463	P76558	b2463	b2463	30.0	7	(S)-malate	Homo sapiens	P48163	30.0	7.4	wildtype	brenda	22.7859778597786	15.993731801710382
NADTRHD	R00112	1.6.1.3	forward	Nicotinamide adenine dinucleotide;Nicotinamide adenine dinucleotide phosphate - reduced	C00003;C00005	Nicotinamide adenine dinucleotide - reduced;Nicotinamide adenine dinucleotide phosphate	C00004;C00006	b3962	P27306				15									13.778059351532338
NADTRHD	R00112	1.6.1.3	forward	Nicotinamide adenine dinucleotide;Nicotinamide adenine dinucleotide phosphate - reduced	C00003;C00005	Nicotinamide adenine dinucleotide - reduced;Nicotinamide adenine dinucleotide phosphate	C00004;C00006	b1602;b1603	P07001;P0AB67				15									
NADTRHD	R00112	1.6.1.1	forward	Nicotinamide adenine dinucleotide;Nicotinamide adenine dinucleotide phosphate - reduced	C00003;C00005	Nicotinamide adenine dinucleotide - reduced;Nicotinamide adenine dinucleotide phosphate	C00004;C00006	b3962	P27306	b3962	b3962	167.9	4	NADPH	Escherichia coli	P27306	35.0	7.5		brenda	100.0	13.778059351532338
NADTRHD	R00112	1.6.1.1	forward	Nicotinamide adenine dinucleotide;Nicotinamide adenine dinucleotide phosphate - reduced	C00003;C00005	Nicotinamide adenine dinucleotide - reduced;Nicotinamide adenine dinucleotide phosphate	C00004;C00006	b1602;b1603	P07001;P0AB67	b3962		167.9	6	NADPH	Escherichia coli		35.0	7.5		brenda	-inf	
PDH	R00209	1.8.1.4	forward	Coenzyme A;Nicotinamide adenine dinucleotide;Pyruvate	C00010;C00003;C00022	Acetyl-CoA;CO2 CO2;Nicotinamide adenine dinucleotide - reduced	C00024;C00011;C00004	b0114;b0115;b0116	P0AFG8;P0A9P0;P06959	b0116	b0116	0.012	8	dihydrolipoamide	Leishmania donovani		37.0	7.5		brenda	-inf	
PDH	R00209	1.2.1.51	forward	Coenzyme A;Nicotinamide adenine dinucleotide;Pyruvate	C00010;C00003;C00022	Acetyl-CoA;CO2 CO2;Nicotinamide adenine dinucleotide - reduced	C00024;C00011;C00004	b0114;b0115;b0116	P0AFG8;P0A9P0;P06959				15									
PDH	R00209	1.2.4.1	forward	Coenzyme A;Nicotinamide adenine dinucleotide;Pyruvate	C00010;C00003;C00022	Acetyl-CoA;CO2 CO2;Nicotinamide adenine dinucleotide - reduced	C00024;C00011;C00004	b0114;b0115;b0116	P0AFG8;P0A9P0;P06959	b0114	b0114	37.9	1	pyruvate	Escherichia coli	P0AFG8	30.0		wildtype	brenda	-inf	
PDH	R00209	2.3.1.12	forward	Coenzyme A;Nicotinamide adenine dinucleotide;Pyruvate	C00010;C00003;C00022	Acetyl-CoA;CO2 CO2;Nicotinamide adenine dinucleotide - reduced	C00024;C00011;C00004	b0114;b0115;b0116	P0AFG8;P0A9P0;P06959	b0115	b0115	2.4	9	acetyl-CoA	Azotobacter vinelandii				wildtype	brenda	-inf	
