,Enzyme_id,type,sequence,smiles
0,P0A799,wild,MSVIKMTDLDLAGKRVFIRADLNVPVKDGKVTSDARIRASLPTIELALKQGAKVMVTSHLGRPTEGEYNEEFSLLPVVNYLKDKLSNPVRLVKDYLDGVDVAEGELVVLENVRFNKGEKKDDETLSKKYAALCDVFVMDAFGTAHRAQASTHGIGKFADVACAGPLLAAELDALGKALKEPARPMVAIVGGSKVSTKLTVLDSLSKIADQLIVGGGIANTFIAAQGHDVGKSLYEADLVDEAKRLLTTCNIPVPSDVRVATEFSETAPATLKSVNDVKADEQILDIGDASAQELAEILKNAKTILWNGPVGVFEFPNFRKGTEIVANAIADSEAFSIAGGGDTLAAIDLFGIADKISYISTGGGAFLEFVEGKVLPAVAMLEERAKK,C([C@H](C(=O)OP(=O)(O)O)O)OP(=O)(O)O
1,P0A799,wild,MSVIKMTDLDLAGKRVFIRADLNVPVKDGKVTSDARIRASLPTIELALKQGAKVMVTSHLGRPTEGEYNEEFSLLPVVNYLKDKLSNPVRLVKDYLDGVDVAEGELVVLENVRFNKGEKKDDETLSKKYAALCDVFVMDAFGTAHRAQASTHGIGKFADVACAGPLLAAELDALGKALKEPARPMVAIVGGSKVSTKLTVLDSLSKIADQLIVGGGIANTFIAAQGHDVGKSLYEADLVDEAKRLLTTCNIPVPSDVRVATEFSETAPATLKSVNDVKADEQILDIGDASAQELAEILKNAKTILWNGPVGVFEFPNFRKGTEIVANAIADSEAFSIAGGGDTLAAIDLFGIADKISYISTGGGAFLEFVEGKVLPAVAMLEERAKK,C1=NC(=C2C(=N1)N(C=N2)[C@H]3[C@@H]([C@@H]([C@H](O3)COP(=O)(O)OP(=O)(O)O)O)O)N
2,P52697,wild,MKQTVYIASPESQQIHVWNLNHEGALTLTQVVDVPGQVQPMVVSPDKRYLYVGVRPEFRVLAYRIAPDDGALTFAAESALPGSPTHISTDHQGQFVFVGSYNAGNVSVTRLEDGLPVGVVDVVEGLDGCHSANISPDNRTLWVPALKQDRICLFTVSDDGHLVAQDPAEVTTVEGAGPRHMVFHPNEQYAYCVNELNSSVDVWELKDPHGNIECVQTLDMMPENFSDTRWAADIHITPDGRHLYACDRTASLITVFSVSEDGSVLSKEGFQPTETQPRGFNVDHSGKYLIAAGQKSHHISVYEIVGEQGLLHEKGRYAVGQGPMWVVVNAH,C([C@@H]1[C@H]([C@@H]([C@H](C(=O)O1)O)O)O)OP(=O)(O)O
3,P52697,wild,MKQTVYIASPESQQIHVWNLNHEGALTLTQVVDVPGQVQPMVVSPDKRYLYVGVRPEFRVLAYRIAPDDGALTFAAESALPGSPTHISTDHQGQFVFVGSYNAGNVSVTRLEDGLPVGVVDVVEGLDGCHSANISPDNRTLWVPALKQDRICLFTVSDDGHLVAQDPAEVTTVEGAGPRHMVFHPNEQYAYCVNELNSSVDVWELKDPHGNIECVQTLDMMPENFSDTRWAADIHITPDGRHLYACDRTASLITVFSVSEDGSVLSKEGFQPTETQPRGFNVDHSGKYLIAAGQKSHHISVYEIVGEQGLLHEKGRYAVGQGPMWVVVNAH,O
4,P77580,wild,MSKRKVAIIGSGNIGTDLMIKILRHGQHLEMAVMVGIDPQSDGLARARRMGVATTHEGVIGLMNMPEFADIDIVFDATSAGAHVKNDAALREAKPDIRLIDLTPAAIGPYCVPVVNLEANVDQLNVNMVTCGGQATIPMVAAVSRVARVHYAEIIASIASKSAGPGTRANIDEFTETTSRAIEVVGGAAKGKAIIVLNPAEPPLMMRDTVYVLSDEASQDDIEASINEMAEAVQAYVPGYRLKQRVQFEVIPQDKPVNLPGVGQFSGLKTAVWLEVEGAAHYLPAYAGNLDIMTSSALATAEKMAQSLARKAGEAA,[H+]
5,P77580,wild,MSKRKVAIIGSGNIGTDLMIKILRHGQHLEMAVMVGIDPQSDGLARARRMGVATTHEGVIGLMNMPEFADIDIVFDATSAGAHVKNDAALREAKPDIRLIDLTPAAIGPYCVPVVNLEANVDQLNVNMVTCGGQATIPMVAAVSRVARVHYAEIIASIASKSAGPGTRANIDEFTETTSRAIEVVGGAAKGKAIIVLNPAEPPLMMRDTVYVLSDEASQDDIEASINEMAEAVQAYVPGYRLKQRVQFEVIPQDKPVNLPGVGQFSGLKTAVWLEVEGAAHYLPAYAGNLDIMTSSALATAEKMAQSLARKAGEAA,C1C=CN(C=C1C(=O)N)[C@H]2[C@@H]([C@@H]([C@H](O2)COP(=O)(O)OP(=O)(O)OC[C@@H]3[C@H]([C@H]([C@@H](O3)N4C=NC5=C(N=CN=C54)N)O)O)O)O
6,P0A9Q7,wild,MAVTNVAELNALVERVKKAQREYASFTQEQVDKIFRAAALAAADARIPLAKMAVAESGMGIVEDKVIKNHFASEYIYNAYKDEKTCGVLSEDDTFGTITIAEPIGIICGIVPTTNPTSTAIFKSLISLKTRNAIIFSPHPRAKDATNKAADIVLQAAIAAGAPKDLIGWIDQPSVELSNALMHHPDINLILATGGPGMVKAAYSSGKPAIGVGAGNTPVVIDETADIKRAVASVLMSKTFDNGVICASEQSVVVVDSVYDAVRERFATHGGYLLQGKELKAVQDVILKNGALNAAIVGQPAYKIAELAGFSVPENTKILIGEVTVVDESEPFAHEKLSPTLAMYRAKDFEDAVEKAEKLVAMGGIGHTSCLYTDQDNQPARVSYFGQKMKTARILINTPASQGGIGDLYNFKLAPSLTLGCGSWGGNSISENVGPKHLINKKTVAKRAENMLWHKLPKSIYFRRGSLPIALDEVITDGHKRALIVTDRFLFNNGYADQITSVLKAAGVETEVFFEVEADPTLSIVRKGAELANSFKPDVIIALGGGSPMDAAKIMWVMYEHPETHFEELALRFMDIRKRIYKFPKMGVKAKMIAVTTTSGTGSEVTPFAVVTDDATGQKYPLADYALTPDMAIVDANLVMDMPKSLCAFGGLDAVTHAMEAYVSVLASEFSDGQALQALKLLKEYLPASYHEGSKNPVARERVHSAATIAGIAFANAFLGVCHSMAHKLGSQFHIPHGLANALLICNVIRYNANDNPTKQTAFSQYDRPQARRRYAEIADHLGLSAPGDRTAAKIEKLLAWLETLKAELGIPKSIREAGVQEADFLANVDKLSEDAFDDQCTGANPRYPLISELKQILLDTYYGRDYVEGETAAKKEAAPAKAEKKAKKSA,[H+]
7,P0A9Q7,wild,MAVTNVAELNALVERVKKAQREYASFTQEQVDKIFRAAALAAADARIPLAKMAVAESGMGIVEDKVIKNHFASEYIYNAYKDEKTCGVLSEDDTFGTITIAEPIGIICGIVPTTNPTSTAIFKSLISLKTRNAIIFSPHPRAKDATNKAADIVLQAAIAAGAPKDLIGWIDQPSVELSNALMHHPDINLILATGGPGMVKAAYSSGKPAIGVGAGNTPVVIDETADIKRAVASVLMSKTFDNGVICASEQSVVVVDSVYDAVRERFATHGGYLLQGKELKAVQDVILKNGALNAAIVGQPAYKIAELAGFSVPENTKILIGEVTVVDESEPFAHEKLSPTLAMYRAKDFEDAVEKAEKLVAMGGIGHTSCLYTDQDNQPARVSYFGQKMKTARILINTPASQGGIGDLYNFKLAPSLTLGCGSWGGNSISENVGPKHLINKKTVAKRAENMLWHKLPKSIYFRRGSLPIALDEVITDGHKRALIVTDRFLFNNGYADQITSVLKAAGVETEVFFEVEADPTLSIVRKGAELANSFKPDVIIALGGGSPMDAAKIMWVMYEHPETHFEELALRFMDIRKRIYKFPKMGVKAKMIAVTTTSGTGSEVTPFAVVTDDATGQKYPLADYALTPDMAIVDANLVMDMPKSLCAFGGLDAVTHAMEAYVSVLASEFSDGQALQALKLLKEYLPASYHEGSKNPVARERVHSAATIAGIAFANAFLGVCHSMAHKLGSQFHIPHGLANALLICNVIRYNANDNPTKQTAFSQYDRPQARRRYAEIADHLGLSAPGDRTAAKIEKLLAWLETLKAELGIPKSIREAGVQEADFLANVDKLSEDAFDDQCTGANPRYPLISELKQILLDTYYGRDYVEGETAAKKEAAPAKAEKKAKKSA,C1C=CN(C=C1C(=O)N)[C@H]2[C@@H]([C@@H]([C@H](O2)COP(=O)(O)OP(=O)(O)OC[C@@H]3[C@H]([C@H]([C@@H](O3)N4C=NC5=C(N=CN=C54)N)O)O)O)O
8,P37689,wild,MLVSKKPMVLVILDGYGYREEQQDNAIFSAKTPVMDALWANRPHTLIDASGLEVGLPDRQMGNSEVGHVNLGAGRIVYQDLTRLDVEIKDRAFFANPVLTGAVDKAKNAGKAVHIMGLLSAGGVHSHEDHIMAMVELAAERGAEKIYLHAFLDGRDTPPRSAESSLKKFEEKFAALGKGRVASIIGRYYAMDRDNRWDRVEKAYDLLTLAQGEFQADTAVAGLQAAYARDENDEFVKATVIRAEGQPDAAMEDGDALIFMNFRADRAREITRAFVNADFDGFARKKVVNVDFVMLTEYAADIKTAVAYPPASLVNTFGEWMAKNDKTQLRISETEKYAHVTFFFNGGVEESFKGEDRILINSPKVATYDLQPEMSSAELTEKLVAAIKSGKYDTIICNYPNGDMVGHTGVMEAAVKAVEALDHCVEEVAKAVESVGGQLLITADHGNAEQMRDPATGQAHTAHTNLPVPLIYVGDKNVKAVEGGKLSDIAPTMLSLMGMEIPQEMTGKPLFIVE,C([C@H](C(=O)O)OP(=O)(O)O)O
9,P37689,wild,MLVSKKPMVLVILDGYGYREEQQDNAIFSAKTPVMDALWANRPHTLIDASGLEVGLPDRQMGNSEVGHVNLGAGRIVYQDLTRLDVEIKDRAFFANPVLTGAVDKAKNAGKAVHIMGLLSAGGVHSHEDHIMAMVELAAERGAEKIYLHAFLDGRDTPPRSAESSLKKFEEKFAALGKGRVASIIGRYYAMDRDNRWDRVEKAYDLLTLAQGEFQADTAVAGLQAAYARDENDEFVKATVIRAEGQPDAAMEDGDALIFMNFRADRAREITRAFVNADFDGFARKKVVNVDFVMLTEYAADIKTAVAYPPASLVNTFGEWMAKNDKTQLRISETEKYAHVTFFFNGGVEESFKGEDRILINSPKVATYDLQPEMSSAELTEKLVAAIKSGKYDTIICNYPNGDMVGHTGVMEAAVKAVEALDHCVEEVAKAVESVGGQLLITADHGNAEQMRDPATGQAHTAHTNLPVPLIYVGDKNVKAVEGGKLSDIAPTMLSLMGMEIPQEMTGKPLFIVE,C([C@H](C(=O)O)O)OP(=O)(O)O
10,P0A7A2,wild,MLQVYLVRHGETQWNAERRIQGQSDSPLTAKGEQQAMQVATRAKELGITHIISSDLGRTRRTAEIIAQACGCDIIFDSRLRELNMGVLEKRHIDSLTEEEENWRRQLVNGTVDGRIPEGESMQELSDRVNAALESCRDLPQGSRPLLVSHGIALGCLVSTILGLPAWAERRLRLRNCSISRVDYQESLWLASGWVVETAGDISHLDAPALDELQR,C([C@H](C(=O)O)OP(=O)(O)O)O
11,P0A7A2,wild,MLQVYLVRHGETQWNAERRIQGQSDSPLTAKGEQQAMQVATRAKELGITHIISSDLGRTRRTAEIIAQACGCDIIFDSRLRELNMGVLEKRHIDSLTEEEENWRRQLVNGTVDGRIPEGESMQELSDRVNAALESCRDLPQGSRPLLVSHGIALGCLVSTILGLPAWAERRLRLRNCSISRVDYQESLWLASGWVVETAGDISHLDAPALDELQR,C([C@H](C(=O)O)O)OP(=O)(O)O
12,P62707,wild,MAVTKLVLVRHGESQWNKENRFTGWYDVDLSEKGVSEAKAAGKLLKEEGYSFDFAYTSVLKRAIHTLWNVLDELDQAWLPVEKSWKLNERHYGALQGLNKAETAEKYGDEQVKQWRRGFAVTPPELTKDDERYPGHDPRYAKLSEKELPLTESLALTIDRVIPYWNETILPRMKSGERVIIAAHGNSLRALVKYLDNMSEEEILELNIPTGVPLVYEFDENFKPLKRYYLGNADEIAAKAAAVANQGKAK,C([C@H](C(=O)O)OP(=O)(O)O)O
13,P62707,wild,MAVTKLVLVRHGESQWNKENRFTGWYDVDLSEKGVSEAKAAGKLLKEEGYSFDFAYTSVLKRAIHTLWNVLDELDQAWLPVEKSWKLNERHYGALQGLNKAETAEKYGDEQVKQWRRGFAVTPPELTKDDERYPGHDPRYAKLSEKELPLTESLALTIDRVIPYWNETILPRMKSGERVIIAAHGNSLRALVKYLDNMSEEEILELNIPTGVPLVYEFDENFKPLKRYYLGNADEIAAKAAAVANQGKAK,C([C@H](C(=O)O)O)OP(=O)(O)O
14,P37689,wild,MLVSKKPMVLVILDGYGYREEQQDNAIFSAKTPVMDALWANRPHTLIDASGLEVGLPDRQMGNSEVGHVNLGAGRIVYQDLTRLDVEIKDRAFFANPVLTGAVDKAKNAGKAVHIMGLLSAGGVHSHEDHIMAMVELAAERGAEKIYLHAFLDGRDTPPRSAESSLKKFEEKFAALGKGRVASIIGRYYAMDRDNRWDRVEKAYDLLTLAQGEFQADTAVAGLQAAYARDENDEFVKATVIRAEGQPDAAMEDGDALIFMNFRADRAREITRAFVNADFDGFARKKVVNVDFVMLTEYAADIKTAVAYPPASLVNTFGEWMAKNDKTQLRISETEKYAHVTFFFNGGVEESFKGEDRILINSPKVATYDLQPEMSSAELTEKLVAAIKSGKYDTIICNYPNGDMVGHTGVMEAAVKAVEALDHCVEEVAKAVESVGGQLLITADHGNAEQMRDPATGQAHTAHTNLPVPLIYVGDKNVKAVEGGKLSDIAPTMLSLMGMEIPQEMTGKPLFIVE,C([C@H](C(=O)O)OP(=O)(O)O)O
15,P0A7A2,wild,MLQVYLVRHGETQWNAERRIQGQSDSPLTAKGEQQAMQVATRAKELGITHIISSDLGRTRRTAEIIAQACGCDIIFDSRLRELNMGVLEKRHIDSLTEEEENWRRQLVNGTVDGRIPEGESMQELSDRVNAALESCRDLPQGSRPLLVSHGIALGCLVSTILGLPAWAERRLRLRNCSISRVDYQESLWLASGWVVETAGDISHLDAPALDELQR,C([C@H](C(=O)O)OP(=O)(O)O)O
16,P62707,wild,MAVTKLVLVRHGESQWNKENRFTGWYDVDLSEKGVSEAKAAGKLLKEEGYSFDFAYTSVLKRAIHTLWNVLDELDQAWLPVEKSWKLNERHYGALQGLNKAETAEKYGDEQVKQWRRGFAVTPPELTKDDERYPGHDPRYAKLSEKELPLTESLALTIDRVIPYWNETILPRMKSGERVIIAAHGNSLRALVKYLDNMSEEEILELNIPTGVPLVYEFDENFKPLKRYYLGNADEIAAKAAAVANQGKAK,C([C@H](C(=O)O)OP(=O)(O)O)O
17,P25437,wild,MKSRAAVAFAPGKPLEIVEIDVAPPKKGEVLIKVTHTGVCHTDAFTLSGDDPEGVFPVVLGHEGAGVVVEVGEGVTSVKPGDHVIPLYTAECGECEFCRSGKTNLCVAVRETQGKGLMPDGTTRFSYNGQPLYHYMGCSTFSEYTVVAEVSLAKINPEANHEHVCLLGCGVTTGIGAVHNTAKVQPGDSVAVFGLGAIGLAVVQGARQAKAGRIIAIDTNPKKFDLARRFGATDCINPNDYDKPIKDVLLDINKWGIDHTFECIGNVNVMRAALESAHRGWGQSVIIGVAVAGQEISTRPFQLVTGRVWKGSAFGGVKGRSQLPGMVEDAMKGDIDLEPFVTHTMSLDEINDAFDLMHEGKSIRTVIRY,CCO
18,P25437,wild,MKSRAAVAFAPGKPLEIVEIDVAPPKKGEVLIKVTHTGVCHTDAFTLSGDDPEGVFPVVLGHEGAGVVVEVGEGVTSVKPGDHVIPLYTAECGECEFCRSGKTNLCVAVRETQGKGLMPDGTTRFSYNGQPLYHYMGCSTFSEYTVVAEVSLAKINPEANHEHVCLLGCGVTTGIGAVHNTAKVQPGDSVAVFGLGAIGLAVVQGARQAKAGRIIAIDTNPKKFDLARRFGATDCINPNDYDKPIKDVLLDINKWGIDHTFECIGNVNVMRAALESAHRGWGQSVIIGVAVAGQEISTRPFQLVTGRVWKGSAFGGVKGRSQLPGMVEDAMKGDIDLEPFVTHTMSLDEINDAFDLMHEGKSIRTVIRY,C1=CC(=C[N+](=C1)[C@H]2[C@@H]([C@@H]([C@H](O2)COP(=O)(O)OP(=O)(O)OC[C@@H]3[C@H]([C@H]([C@@H](O3)N4C=NC5=C(N=CN=C54)N)O)O)O)O)C(=O)N
19,P25437,wild,MKSRAAVAFAPGKPLEIVEIDVAPPKKGEVLIKVTHTGVCHTDAFTLSGDDPEGVFPVVLGHEGAGVVVEVGEGVTSVKPGDHVIPLYTAECGECEFCRSGKTNLCVAVRETQGKGLMPDGTTRFSYNGQPLYHYMGCSTFSEYTVVAEVSLAKINPEANHEHVCLLGCGVTTGIGAVHNTAKVQPGDSVAVFGLGAIGLAVVQGARQAKAGRIIAIDTNPKKFDLARRFGATDCINPNDYDKPIKDVLLDINKWGIDHTFECIGNVNVMRAALESAHRGWGQSVIIGVAVAGQEISTRPFQLVTGRVWKGSAFGGVKGRSQLPGMVEDAMKGDIDLEPFVTHTMSLDEINDAFDLMHEGKSIRTVIRY,CC=O
20,P25437,wild,MKSRAAVAFAPGKPLEIVEIDVAPPKKGEVLIKVTHTGVCHTDAFTLSGDDPEGVFPVVLGHEGAGVVVEVGEGVTSVKPGDHVIPLYTAECGECEFCRSGKTNLCVAVRETQGKGLMPDGTTRFSYNGQPLYHYMGCSTFSEYTVVAEVSLAKINPEANHEHVCLLGCGVTTGIGAVHNTAKVQPGDSVAVFGLGAIGLAVVQGARQAKAGRIIAIDTNPKKFDLARRFGATDCINPNDYDKPIKDVLLDINKWGIDHTFECIGNVNVMRAALESAHRGWGQSVIIGVAVAGQEISTRPFQLVTGRVWKGSAFGGVKGRSQLPGMVEDAMKGDIDLEPFVTHTMSLDEINDAFDLMHEGKSIRTVIRY,[H+]
21,P25437,wild,MKSRAAVAFAPGKPLEIVEIDVAPPKKGEVLIKVTHTGVCHTDAFTLSGDDPEGVFPVVLGHEGAGVVVEVGEGVTSVKPGDHVIPLYTAECGECEFCRSGKTNLCVAVRETQGKGLMPDGTTRFSYNGQPLYHYMGCSTFSEYTVVAEVSLAKINPEANHEHVCLLGCGVTTGIGAVHNTAKVQPGDSVAVFGLGAIGLAVVQGARQAKAGRIIAIDTNPKKFDLARRFGATDCINPNDYDKPIKDVLLDINKWGIDHTFECIGNVNVMRAALESAHRGWGQSVIIGVAVAGQEISTRPFQLVTGRVWKGSAFGGVKGRSQLPGMVEDAMKGDIDLEPFVTHTMSLDEINDAFDLMHEGKSIRTVIRY,C1C=CN(C=C1C(=O)N)[C@H]2[C@@H]([C@@H]([C@H](O2)COP(=O)(O)OP(=O)(O)OC[C@@H]3[C@H]([C@H]([C@@H](O3)N4C=NC5=C(N=CN=C54)N)O)O)O)O
22,P39451,wild,MKAAVVTKDHHVDVTYKTLRSLKHGEALLKMECCGVCHTDLHVKNGDFGDKTGVILGHEGIGVVAEVGPGVTSLKPGDRASVAWFYEGCGHCEYCNSGNETLCRSVKNAGYSVDGGMAEECIVVADYAVKVPDGLDSAAASSITCAGVTTYKAVKLSKIRPGQWIAIYGLGGLGNLALQYAKNVFNAKVIAIDVNDEQLKLATEMGADLAINSHTEDAAKIVQEKTGGAHAAVVTAVAKAAFNSAVDAVRAGGRVVAVGLPPESMSLDIPRLVLDGIEVVGSLVGTRQDLTEAFQFAAEGKVVPKVALRPLADINTIFTEMEEGKIRGRMVIDFRH,CCO
23,P39451,wild,MKAAVVTKDHHVDVTYKTLRSLKHGEALLKMECCGVCHTDLHVKNGDFGDKTGVILGHEGIGVVAEVGPGVTSLKPGDRASVAWFYEGCGHCEYCNSGNETLCRSVKNAGYSVDGGMAEECIVVADYAVKVPDGLDSAAASSITCAGVTTYKAVKLSKIRPGQWIAIYGLGGLGNLALQYAKNVFNAKVIAIDVNDEQLKLATEMGADLAINSHTEDAAKIVQEKTGGAHAAVVTAVAKAAFNSAVDAVRAGGRVVAVGLPPESMSLDIPRLVLDGIEVVGSLVGTRQDLTEAFQFAAEGKVVPKVALRPLADINTIFTEMEEGKIRGRMVIDFRH,C1=CC(=C[N+](=C1)[C@H]2[C@@H]([C@@H]([C@H](O2)COP(=O)(O)OP(=O)(O)OC[C@@H]3[C@H]([C@H]([C@@H](O3)N4C=NC5=C(N=CN=C54)N)O)O)O)O)C(=O)N
24,P39451,wild,MKAAVVTKDHHVDVTYKTLRSLKHGEALLKMECCGVCHTDLHVKNGDFGDKTGVILGHEGIGVVAEVGPGVTSLKPGDRASVAWFYEGCGHCEYCNSGNETLCRSVKNAGYSVDGGMAEECIVVADYAVKVPDGLDSAAASSITCAGVTTYKAVKLSKIRPGQWIAIYGLGGLGNLALQYAKNVFNAKVIAIDVNDEQLKLATEMGADLAINSHTEDAAKIVQEKTGGAHAAVVTAVAKAAFNSAVDAVRAGGRVVAVGLPPESMSLDIPRLVLDGIEVVGSLVGTRQDLTEAFQFAAEGKVVPKVALRPLADINTIFTEMEEGKIRGRMVIDFRH,CC=O
25,P39451,wild,MKAAVVTKDHHVDVTYKTLRSLKHGEALLKMECCGVCHTDLHVKNGDFGDKTGVILGHEGIGVVAEVGPGVTSLKPGDRASVAWFYEGCGHCEYCNSGNETLCRSVKNAGYSVDGGMAEECIVVADYAVKVPDGLDSAAASSITCAGVTTYKAVKLSKIRPGQWIAIYGLGGLGNLALQYAKNVFNAKVIAIDVNDEQLKLATEMGADLAINSHTEDAAKIVQEKTGGAHAAVVTAVAKAAFNSAVDAVRAGGRVVAVGLPPESMSLDIPRLVLDGIEVVGSLVGTRQDLTEAFQFAAEGKVVPKVALRPLADINTIFTEMEEGKIRGRMVIDFRH,[H+]
26,P39451,wild,MKAAVVTKDHHVDVTYKTLRSLKHGEALLKMECCGVCHTDLHVKNGDFGDKTGVILGHEGIGVVAEVGPGVTSLKPGDRASVAWFYEGCGHCEYCNSGNETLCRSVKNAGYSVDGGMAEECIVVADYAVKVPDGLDSAAASSITCAGVTTYKAVKLSKIRPGQWIAIYGLGGLGNLALQYAKNVFNAKVIAIDVNDEQLKLATEMGADLAINSHTEDAAKIVQEKTGGAHAAVVTAVAKAAFNSAVDAVRAGGRVVAVGLPPESMSLDIPRLVLDGIEVVGSLVGTRQDLTEAFQFAAEGKVVPKVALRPLADINTIFTEMEEGKIRGRMVIDFRH,C1C=CN(C=C1C(=O)N)[C@H]2[C@@H]([C@@H]([C@H](O2)COP(=O)(O)OP(=O)(O)OC[C@@H]3[C@H]([C@H]([C@@H](O3)N4C=NC5=C(N=CN=C54)N)O)O)O)O
27,P0A9Q7,wild,MAVTNVAELNALVERVKKAQREYASFTQEQVDKIFRAAALAAADARIPLAKMAVAESGMGIVEDKVIKNHFASEYIYNAYKDEKTCGVLSEDDTFGTITIAEPIGIICGIVPTTNPTSTAIFKSLISLKTRNAIIFSPHPRAKDATNKAADIVLQAAIAAGAPKDLIGWIDQPSVELSNALMHHPDINLILATGGPGMVKAAYSSGKPAIGVGAGNTPVVIDETADIKRAVASVLMSKTFDNGVICASEQSVVVVDSVYDAVRERFATHGGYLLQGKELKAVQDVILKNGALNAAIVGQPAYKIAELAGFSVPENTKILIGEVTVVDESEPFAHEKLSPTLAMYRAKDFEDAVEKAEKLVAMGGIGHTSCLYTDQDNQPARVSYFGQKMKTARILINTPASQGGIGDLYNFKLAPSLTLGCGSWGGNSISENVGPKHLINKKTVAKRAENMLWHKLPKSIYFRRGSLPIALDEVITDGHKRALIVTDRFLFNNGYADQITSVLKAAGVETEVFFEVEADPTLSIVRKGAELANSFKPDVIIALGGGSPMDAAKIMWVMYEHPETHFEELALRFMDIRKRIYKFPKMGVKAKMIAVTTTSGTGSEVTPFAVVTDDATGQKYPLADYALTPDMAIVDANLVMDMPKSLCAFGGLDAVTHAMEAYVSVLASEFSDGQALQALKLLKEYLPASYHEGSKNPVARERVHSAATIAGIAFANAFLGVCHSMAHKLGSQFHIPHGLANALLICNVIRYNANDNPTKQTAFSQYDRPQARRRYAEIADHLGLSAPGDRTAAKIEKLLAWLETLKAELGIPKSIREAGVQEADFLANVDKLSEDAFDDQCTGANPRYPLISELKQILLDTYYGRDYVEGETAAKKEAAPAKAEKKAKKSA,CCO
28,P0A9Q7,wild,MAVTNVAELNALVERVKKAQREYASFTQEQVDKIFRAAALAAADARIPLAKMAVAESGMGIVEDKVIKNHFASEYIYNAYKDEKTCGVLSEDDTFGTITIAEPIGIICGIVPTTNPTSTAIFKSLISLKTRNAIIFSPHPRAKDATNKAADIVLQAAIAAGAPKDLIGWIDQPSVELSNALMHHPDINLILATGGPGMVKAAYSSGKPAIGVGAGNTPVVIDETADIKRAVASVLMSKTFDNGVICASEQSVVVVDSVYDAVRERFATHGGYLLQGKELKAVQDVILKNGALNAAIVGQPAYKIAELAGFSVPENTKILIGEVTVVDESEPFAHEKLSPTLAMYRAKDFEDAVEKAEKLVAMGGIGHTSCLYTDQDNQPARVSYFGQKMKTARILINTPASQGGIGDLYNFKLAPSLTLGCGSWGGNSISENVGPKHLINKKTVAKRAENMLWHKLPKSIYFRRGSLPIALDEVITDGHKRALIVTDRFLFNNGYADQITSVLKAAGVETEVFFEVEADPTLSIVRKGAELANSFKPDVIIALGGGSPMDAAKIMWVMYEHPETHFEELALRFMDIRKRIYKFPKMGVKAKMIAVTTTSGTGSEVTPFAVVTDDATGQKYPLADYALTPDMAIVDANLVMDMPKSLCAFGGLDAVTHAMEAYVSVLASEFSDGQALQALKLLKEYLPASYHEGSKNPVARERVHSAATIAGIAFANAFLGVCHSMAHKLGSQFHIPHGLANALLICNVIRYNANDNPTKQTAFSQYDRPQARRRYAEIADHLGLSAPGDRTAAKIEKLLAWLETLKAELGIPKSIREAGVQEADFLANVDKLSEDAFDDQCTGANPRYPLISELKQILLDTYYGRDYVEGETAAKKEAAPAKAEKKAKKSA,C1=CC(=C[N+](=C1)[C@H]2[C@@H]([C@@H]([C@H](O2)COP(=O)(O)OP(=O)(O)OC[C@@H]3[C@H]([C@H]([C@@H](O3)N4C=NC5=C(N=CN=C54)N)O)O)O)O)C(=O)N
29,P0A9Q7,wild,MAVTNVAELNALVERVKKAQREYASFTQEQVDKIFRAAALAAADARIPLAKMAVAESGMGIVEDKVIKNHFASEYIYNAYKDEKTCGVLSEDDTFGTITIAEPIGIICGIVPTTNPTSTAIFKSLISLKTRNAIIFSPHPRAKDATNKAADIVLQAAIAAGAPKDLIGWIDQPSVELSNALMHHPDINLILATGGPGMVKAAYSSGKPAIGVGAGNTPVVIDETADIKRAVASVLMSKTFDNGVICASEQSVVVVDSVYDAVRERFATHGGYLLQGKELKAVQDVILKNGALNAAIVGQPAYKIAELAGFSVPENTKILIGEVTVVDESEPFAHEKLSPTLAMYRAKDFEDAVEKAEKLVAMGGIGHTSCLYTDQDNQPARVSYFGQKMKTARILINTPASQGGIGDLYNFKLAPSLTLGCGSWGGNSISENVGPKHLINKKTVAKRAENMLWHKLPKSIYFRRGSLPIALDEVITDGHKRALIVTDRFLFNNGYADQITSVLKAAGVETEVFFEVEADPTLSIVRKGAELANSFKPDVIIALGGGSPMDAAKIMWVMYEHPETHFEELALRFMDIRKRIYKFPKMGVKAKMIAVTTTSGTGSEVTPFAVVTDDATGQKYPLADYALTPDMAIVDANLVMDMPKSLCAFGGLDAVTHAMEAYVSVLASEFSDGQALQALKLLKEYLPASYHEGSKNPVARERVHSAATIAGIAFANAFLGVCHSMAHKLGSQFHIPHGLANALLICNVIRYNANDNPTKQTAFSQYDRPQARRRYAEIADHLGLSAPGDRTAAKIEKLLAWLETLKAELGIPKSIREAGVQEADFLANVDKLSEDAFDDQCTGANPRYPLISELKQILLDTYYGRDYVEGETAAKKEAAPAKAEKKAKKSA,CC=O
30,P0A9Q7,wild,MAVTNVAELNALVERVKKAQREYASFTQEQVDKIFRAAALAAADARIPLAKMAVAESGMGIVEDKVIKNHFASEYIYNAYKDEKTCGVLSEDDTFGTITIAEPIGIICGIVPTTNPTSTAIFKSLISLKTRNAIIFSPHPRAKDATNKAADIVLQAAIAAGAPKDLIGWIDQPSVELSNALMHHPDINLILATGGPGMVKAAYSSGKPAIGVGAGNTPVVIDETADIKRAVASVLMSKTFDNGVICASEQSVVVVDSVYDAVRERFATHGGYLLQGKELKAVQDVILKNGALNAAIVGQPAYKIAELAGFSVPENTKILIGEVTVVDESEPFAHEKLSPTLAMYRAKDFEDAVEKAEKLVAMGGIGHTSCLYTDQDNQPARVSYFGQKMKTARILINTPASQGGIGDLYNFKLAPSLTLGCGSWGGNSISENVGPKHLINKKTVAKRAENMLWHKLPKSIYFRRGSLPIALDEVITDGHKRALIVTDRFLFNNGYADQITSVLKAAGVETEVFFEVEADPTLSIVRKGAELANSFKPDVIIALGGGSPMDAAKIMWVMYEHPETHFEELALRFMDIRKRIYKFPKMGVKAKMIAVTTTSGTGSEVTPFAVVTDDATGQKYPLADYALTPDMAIVDANLVMDMPKSLCAFGGLDAVTHAMEAYVSVLASEFSDGQALQALKLLKEYLPASYHEGSKNPVARERVHSAATIAGIAFANAFLGVCHSMAHKLGSQFHIPHGLANALLICNVIRYNANDNPTKQTAFSQYDRPQARRRYAEIADHLGLSAPGDRTAAKIEKLLAWLETLKAELGIPKSIREAGVQEADFLANVDKLSEDAFDDQCTGANPRYPLISELKQILLDTYYGRDYVEGETAAKKEAAPAKAEKKAKKSA,[H+]
31,P0A9Q7,wild,MAVTNVAELNALVERVKKAQREYASFTQEQVDKIFRAAALAAADARIPLAKMAVAESGMGIVEDKVIKNHFASEYIYNAYKDEKTCGVLSEDDTFGTITIAEPIGIICGIVPTTNPTSTAIFKSLISLKTRNAIIFSPHPRAKDATNKAADIVLQAAIAAGAPKDLIGWIDQPSVELSNALMHHPDINLILATGGPGMVKAAYSSGKPAIGVGAGNTPVVIDETADIKRAVASVLMSKTFDNGVICASEQSVVVVDSVYDAVRERFATHGGYLLQGKELKAVQDVILKNGALNAAIVGQPAYKIAELAGFSVPENTKILIGEVTVVDESEPFAHEKLSPTLAMYRAKDFEDAVEKAEKLVAMGGIGHTSCLYTDQDNQPARVSYFGQKMKTARILINTPASQGGIGDLYNFKLAPSLTLGCGSWGGNSISENVGPKHLINKKTVAKRAENMLWHKLPKSIYFRRGSLPIALDEVITDGHKRALIVTDRFLFNNGYADQITSVLKAAGVETEVFFEVEADPTLSIVRKGAELANSFKPDVIIALGGGSPMDAAKIMWVMYEHPETHFEELALRFMDIRKRIYKFPKMGVKAKMIAVTTTSGTGSEVTPFAVVTDDATGQKYPLADYALTPDMAIVDANLVMDMPKSLCAFGGLDAVTHAMEAYVSVLASEFSDGQALQALKLLKEYLPASYHEGSKNPVARERVHSAATIAGIAFANAFLGVCHSMAHKLGSQFHIPHGLANALLICNVIRYNANDNPTKQTAFSQYDRPQARRRYAEIADHLGLSAPGDRTAAKIEKLLAWLETLKAELGIPKSIREAGVQEADFLANVDKLSEDAFDDQCTGANPRYPLISELKQILLDTYYGRDYVEGETAAKKEAAPAKAEKKAKKSA,C1C=CN(C=C1C(=O)N)[C@H]2[C@@H]([C@@H]([C@H](O2)COP(=O)(O)OP(=O)(O)OC[C@@H]3[C@H]([C@H]([C@@H](O3)N4C=NC5=C(N=CN=C54)N)O)O)O)O
32,P11868,wild,MNEFPVVLVINCGSSSIKFSVLDASDCEVLMSGIADGINSENAFLSVNGGEPAPLAHHSYEGALKAIAFELEKRNLNDSVALIGHRIAHGGSIFTESAIITDEVIDNIRRVSPLAPLHNYANLSGIESAQQLFPGVTQVAVFDTSFHQTMAPEAYLYGLPWKYYEELGVRRYGFHGTSHRYVSQRAHSLLNLAEDDSGLVVAHLGNGASICAVRNGQSVDTSMGMTPLEGLMMGTRSGDVDFGAMSWVASQTNQSLGDLERVVNKESGLLGISGLSSDLRVLEKAWHEGHERAQLAIKTFVHRIARHIAGHAASLRRLDGIIFTGGIGENSSLIRRLVMEHLAVLGLEIDTEMNNRSNSCGERIVSSENARVICAVIPTNEEKMIALDAIHLGKVNAPAEFA,CC(=O)OP(=O)(O)O
33,P11868,wild,MNEFPVVLVINCGSSSIKFSVLDASDCEVLMSGIADGINSENAFLSVNGGEPAPLAHHSYEGALKAIAFELEKRNLNDSVALIGHRIAHGGSIFTESAIITDEVIDNIRRVSPLAPLHNYANLSGIESAQQLFPGVTQVAVFDTSFHQTMAPEAYLYGLPWKYYEELGVRRYGFHGTSHRYVSQRAHSLLNLAEDDSGLVVAHLGNGASICAVRNGQSVDTSMGMTPLEGLMMGTRSGDVDFGAMSWVASQTNQSLGDLERVVNKESGLLGISGLSSDLRVLEKAWHEGHERAQLAIKTFVHRIARHIAGHAASLRRLDGIIFTGGIGENSSLIRRLVMEHLAVLGLEIDTEMNNRSNSCGERIVSSENARVICAVIPTNEEKMIALDAIHLGKVNAPAEFA,C1=NC(=C2C(=N1)N(C=N2)[C@H]3[C@@H]([C@@H]([C@H](O3)COP(=O)(O)OP(=O)(O)O)O)O)N
34,P0A6A3,wild,MSSKLVLVLNCGSSSLKFAIIDAVNGEEYLSGLAECFHLPEARIKWKMDGNKQEAALGAGAAHSEALNFIVNTILAQKPELSAQLTAIGHRIVHGGEKYTSSVVIDESVIQGIKDAASFAPLHNPAHLIGIEEALKSFPQLKDKNVAVFDTAFHQTMPEESYLYALPYNLYKEHGIRRYGAHGTSHFYVTQEAAKMLNKPVEELNIITCHLGNGGSVSAIRNGKCVDTSMGLTPLEGLVMGTRSGDIDPAIIFHLHDTLGMSVDAINKLLTKESGLLGLTEVTSDCRYVEDNYATKEDAKRAMDVYCHRLAKYIGAYTALMDGRLDAVVFTGGIGENAAMVRELSLGKLGVLGFEVDHERNLAARFGKSGFINKEGTRPAVVIPTNEELVIAQDASRLTA,CC(=O)OP(=O)(O)O
35,P0A6A3,wild,MSSKLVLVLNCGSSSLKFAIIDAVNGEEYLSGLAECFHLPEARIKWKMDGNKQEAALGAGAAHSEALNFIVNTILAQKPELSAQLTAIGHRIVHGGEKYTSSVVIDESVIQGIKDAASFAPLHNPAHLIGIEEALKSFPQLKDKNVAVFDTAFHQTMPEESYLYALPYNLYKEHGIRRYGAHGTSHFYVTQEAAKMLNKPVEELNIITCHLGNGGSVSAIRNGKCVDTSMGLTPLEGLVMGTRSGDIDPAIIFHLHDTLGMSVDAINKLLTKESGLLGLTEVTSDCRYVEDNYATKEDAKRAMDVYCHRLAKYIGAYTALMDGRLDAVVFTGGIGENAAMVRELSLGKLGVLGFEVDHERNLAARFGKSGFINKEGTRPAVVIPTNEELVIAQDASRLTA,C1=NC(=C2C(=N1)N(C=N2)[C@H]3[C@@H]([C@@H]([C@H](O3)COP(=O)(O)OP(=O)(O)O)O)O)N
36,P33221,wild,MTLLGTALRPAATRVMLLGSGELGKEVAIECQRLGVEVIAVDRYADAPAMHVAHRSHVINMLDGDALRRVVELEKPHYIVPEIEAIATDMLIQLEEEGLNVVPCARATKLTMNREGIRRLAAEELQLPTSTYRFADSESLFREAVADIGYPCIVKPVMSSSGKGQTFIRSAEQLAQAWKYAQQGGRAGAGRVIVEGVVKFDFEITLLTVSAVDGVHFCAPVGHRQEDGDYRESWQPQQMSPLALERAQEIARKVVLALGGYGLFGVELFVCGDEVIFSEVSPRPHDTGMVTLISQDLSEFALHVRAFLGLPVGGIRQYGPAASAVILPQLTSQNVTFDNVQNAVGADLQIRLFGKPEIDGSRRLGVALATAESVVDAIERAKHAAGQVKVQG,CC(=O)OP(=O)(O)O
37,P33221,wild,MTLLGTALRPAATRVMLLGSGELGKEVAIECQRLGVEVIAVDRYADAPAMHVAHRSHVINMLDGDALRRVVELEKPHYIVPEIEAIATDMLIQLEEEGLNVVPCARATKLTMNREGIRRLAAEELQLPTSTYRFADSESLFREAVADIGYPCIVKPVMSSSGKGQTFIRSAEQLAQAWKYAQQGGRAGAGRVIVEGVVKFDFEITLLTVSAVDGVHFCAPVGHRQEDGDYRESWQPQQMSPLALERAQEIARKVVLALGGYGLFGVELFVCGDEVIFSEVSPRPHDTGMVTLISQDLSEFALHVRAFLGLPVGGIRQYGPAASAVILPQLTSQNVTFDNVQNAVGADLQIRLFGKPEIDGSRRLGVALATAESVVDAIERAKHAAGQVKVQG,C1=NC(=C2C(=N1)N(C=N2)[C@H]3[C@@H]([C@@H]([C@H](O3)COP(=O)(O)OP(=O)(O)O)O)O)N
38,P23538,wild,MSNNGSSPLVLWYNQLGMNDVDRVGGKNASLGEMITNLSGMGVSVPNGFATTADAFNQFLDQSGVNQRIYELLDKTDIDDVTQLAKAGAQIRQWIIDTPFQPELENAIREAYAQLSADDENASFAVRSSATAEDMPDASFAGQQETFLNVQGFDAVLVAVKHVFASLFNDRAISYRVHQGYDHRGVALSAGVQRMVRSDLASSGVMFSIDTESGFDQVVFITSAWGLGEMVVQGAVNPDEFYVHKPTLAANRPAIVRRTMGSKKIRMVYAPTQEHGKQVKIEDVPQEQRDIFSLTNEEVQELAKQAVQIEKHYGRPMDIEWAKDGHTGKLFIVQARPETVRSRGQVMERYTLHSQGKIIAEGRAIGHRIGAGPVKVIHDISEMNRIEPGDVLVTDMTDPDWEPIMKKASAIVTNRGGRTCHAAIIARELGIPAVVGCGDATERMKDGENVTVSCAEGDTGYVYAELLEFSVKSSSVETMPDLPLKVMMNVGNPDRAFDFACLPNEGVGLARLEFIINRMIGVHPRALLEFDDQEPQLQNEIREMMKGFDSPREFYVGRLTEGIATLGAAFYPKRVIVRLSDFKSNEYANLVGGERYEPDEENPMLGFRGAGRYVSDSFRDCFALECEAVKRVRNDMGLTNVEIMIPFVRTVDQAKAVVEELARQGLKRGENGLKIIMMCEIPSNALLAEQFLEYFDGFSIGSNDMTQLALGLDRDSGVVSELFDERNDAVKALLSMAIRAAKKQGKYVGICGQGPSDHEDFAAWLMEEGIDSLSLNPDTVVQTWLSLAELKK,C1=NC(=C2C(=N1)N(C=N2)[C@H]3[C@@H]([C@@H]([C@H](O3)COP(=O)(O)OP(=O)(O)OP(=O)(O)O)O)O)N
39,P23538,wild,MSNNGSSPLVLWYNQLGMNDVDRVGGKNASLGEMITNLSGMGVSVPNGFATTADAFNQFLDQSGVNQRIYELLDKTDIDDVTQLAKAGAQIRQWIIDTPFQPELENAIREAYAQLSADDENASFAVRSSATAEDMPDASFAGQQETFLNVQGFDAVLVAVKHVFASLFNDRAISYRVHQGYDHRGVALSAGVQRMVRSDLASSGVMFSIDTESGFDQVVFITSAWGLGEMVVQGAVNPDEFYVHKPTLAANRPAIVRRTMGSKKIRMVYAPTQEHGKQVKIEDVPQEQRDIFSLTNEEVQELAKQAVQIEKHYGRPMDIEWAKDGHTGKLFIVQARPETVRSRGQVMERYTLHSQGKIIAEGRAIGHRIGAGPVKVIHDISEMNRIEPGDVLVTDMTDPDWEPIMKKASAIVTNRGGRTCHAAIIARELGIPAVVGCGDATERMKDGENVTVSCAEGDTGYVYAELLEFSVKSSSVETMPDLPLKVMMNVGNPDRAFDFACLPNEGVGLARLEFIINRMIGVHPRALLEFDDQEPQLQNEIREMMKGFDSPREFYVGRLTEGIATLGAAFYPKRVIVRLSDFKSNEYANLVGGERYEPDEENPMLGFRGAGRYVSDSFRDCFALECEAVKRVRNDMGLTNVEIMIPFVRTVDQAKAVVEELARQGLKRGENGLKIIMMCEIPSNALLAEQFLEYFDGFSIGSNDMTQLALGLDRDSGVVSELFDERNDAVKALLSMAIRAAKKQGKYVGICGQGPSDHEDFAAWLMEEGIDSLSLNPDTVVQTWLSLAELKK,O
40,P23538,wild,MSNNGSSPLVLWYNQLGMNDVDRVGGKNASLGEMITNLSGMGVSVPNGFATTADAFNQFLDQSGVNQRIYELLDKTDIDDVTQLAKAGAQIRQWIIDTPFQPELENAIREAYAQLSADDENASFAVRSSATAEDMPDASFAGQQETFLNVQGFDAVLVAVKHVFASLFNDRAISYRVHQGYDHRGVALSAGVQRMVRSDLASSGVMFSIDTESGFDQVVFITSAWGLGEMVVQGAVNPDEFYVHKPTLAANRPAIVRRTMGSKKIRMVYAPTQEHGKQVKIEDVPQEQRDIFSLTNEEVQELAKQAVQIEKHYGRPMDIEWAKDGHTGKLFIVQARPETVRSRGQVMERYTLHSQGKIIAEGRAIGHRIGAGPVKVIHDISEMNRIEPGDVLVTDMTDPDWEPIMKKASAIVTNRGGRTCHAAIIARELGIPAVVGCGDATERMKDGENVTVSCAEGDTGYVYAELLEFSVKSSSVETMPDLPLKVMMNVGNPDRAFDFACLPNEGVGLARLEFIINRMIGVHPRALLEFDDQEPQLQNEIREMMKGFDSPREFYVGRLTEGIATLGAAFYPKRVIVRLSDFKSNEYANLVGGERYEPDEENPMLGFRGAGRYVSDSFRDCFALECEAVKRVRNDMGLTNVEIMIPFVRTVDQAKAVVEELARQGLKRGENGLKIIMMCEIPSNALLAEQFLEYFDGFSIGSNDMTQLALGLDRDSGVVSELFDERNDAVKALLSMAIRAAKKQGKYVGICGQGPSDHEDFAAWLMEEGIDSLSLNPDTVVQTWLSLAELKK,CC(=O)C(=O)O
41,P69441,wild,MRIILLGAPGAGKGTQAQFIMEKYGIPQISTGDMLRAAVKSGSELGKQAKDIMDAGKLVTDELVIALVKERIAQEDCRNGFLLDGFPRTIPQADAMKEAGINVDYVLEFDVPDELIVDRIVGRRVHAPSGRVYHVKFNPPKVEGKDDVTGEELTTRKDDQEETVRKRLVEYHQMTAPLIGYYSKEAEAGNTKYAKVDGTKPVAEVRADLEKILG,C1=NC(=C2C(=N1)N(C=N2)[C@H]3[C@@H]([C@@H]([C@H](O3)COP(=O)(O)O)O)O)N
42,P69441,wild,MRIILLGAPGAGKGTQAQFIMEKYGIPQISTGDMLRAAVKSGSELGKQAKDIMDAGKLVTDELVIALVKERIAQEDCRNGFLLDGFPRTIPQADAMKEAGINVDYVLEFDVPDELIVDRIVGRRVHAPSGRVYHVKFNPPKVEGKDDVTGEELTTRKDDQEETVRKRLVEYHQMTAPLIGYYSKEAEAGNTKYAKVDGTKPVAEVRADLEKILG,C1=NC(=C2C(=N1)N(C=N2)[C@H]3[C@@H]([C@@H]([C@H](O3)COP(=O)(O)OP(=O)(O)OP(=O)(O)O)O)O)N
43,P69441,wild,MRIILLGAPGAGKGTQAQFIMEKYGIPQISTGDMLRAAVKSGSELGKQAKDIMDAGKLVTDELVIALVKERIAQEDCRNGFLLDGFPRTIPQADAMKEAGINVDYVLEFDVPDELIVDRIVGRRVHAPSGRVYHVKFNPPKVEGKDDVTGEELTTRKDDQEETVRKRLVEYHQMTAPLIGYYSKEAEAGNTKYAKVDGTKPVAEVRADLEKILG,C1=NC(=C2C(=N1)N(C=N2)[C@H]3[C@@H]([C@@H]([C@H](O3)COP(=O)(O)OP(=O)(O)O)O)O)N
44,P0AG07,wild,MKQYLIAPSILSADFARLGEDTAKALAAGADVVHFDVMDNHYVPNLTIGPMVLKSLRNYGITAPIDVHLMVKPVDRIVPDFAAAGASIITFHPEASEHVDRTLQLIKENGCKAGLVFNPATPLSYLDYVMDKLDVILLMSVNPGFGGQSFIPQTLDKLREVRRRIDESGFDIRLEVDGGVKVNNIGEIAAAGADMFVAGSAIFDQPDYKKVIDEMRSELAKVSHE,C([C@H]([C@H](C(=O)CO)O)O)OP(=O)(O)O
45,P0AG07,wild,MKQYLIAPSILSADFARLGEDTAKALAAGADVVHFDVMDNHYVPNLTIGPMVLKSLRNYGITAPIDVHLMVKPVDRIVPDFAAAGASIITFHPEASEHVDRTLQLIKENGCKAGLVFNPATPLSYLDYVMDKLDVILLMSVNPGFGGQSFIPQTLDKLREVRRRIDESGFDIRLEVDGGVKVNNIGEIAAAGADMFVAGSAIFDQPDYKKVIDEMRSELAKVSHE,C([C@H]([C@@H](C(=O)CO)O)O)OP(=O)(O)O
46,P39362,wild,MILHPSLASANPLHYGRELTALDNLDFGSLHLDIEDSSFINNITFGMKTVQAVARQTPHPLSFHFMLARPQRWFNALAEIRPAWIFVHAETLDYPSETLTEIRHTGARAGLVFNPATPIDAWRYLASELDGVMVMTSEPDGQGQRFIPSMCEKIQKVRTAFPQTECWADGGITLAAAQQLAAAGAQHMVIGRALFSSSDYRATLAQFATL,C([C@H]([C@H](C(=O)CO)O)O)OP(=O)(O)O
47,P39362,wild,MILHPSLASANPLHYGRELTALDNLDFGSLHLDIEDSSFINNITFGMKTVQAVARQTPHPLSFHFMLARPQRWFNALAEIRPAWIFVHAETLDYPSETLTEIRHTGARAGLVFNPATPIDAWRYLASELDGVMVMTSEPDGQGQRFIPSMCEKIQKVRTAFPQTECWADGGITLAAAQQLAAAGAQHMVIGRALFSSSDYRATLAQFATL,C([C@H]([C@@H](C(=O)CO)O)O)OP(=O)(O)O
48,P0ABH7,wild,MADTKAKLTLNGDTAVELDVLKGTLGQDVIDIRTLGSKGVFTFDPGFTSTASCESKITFIDGDEGILLHRGFPIDQLATDSNYLEVCYILLNGEKPTQEQYDEFKTTVTRHTMIHEQITRLFHAFRRDSHPMAVMCGITGALAAFYHDSLDVNNPRHREIAAFRLLSKMPTMAAMCYKYSIGQPFVYPRNDLSYAGNFLNMMFSTPCEPYEVNPILERAMDRILILHADHEQNASTSTVRTAGSSGANPFACIAAGIASLWGPAHGGANEAALKMLEEISSVKHIPEFVRRAKDKNDSFRLMGFGHRVYKNYDPRATVMRETCHEVLKELGTKDDLLEVAMELENIALNDPYFIEKKLYPNVDFYSGIILKAMGIPSSMFTVIFAMARTVGWIAHWSEMHSDGMKIARPRQLYTGYEKRDFKSDIKR,CC(=O)SCCNC(=O)CCNC(=O)[C@@H](C(C)(C)COP(=O)(O)OP(=O)(O)OC[C@@H]1[C@H]([C@H]([C@@H](O1)N2C=NC3=C(N=CN=C32)N)O)OP(=O)(O)O)O
49,P0ABH7,wild,MADTKAKLTLNGDTAVELDVLKGTLGQDVIDIRTLGSKGVFTFDPGFTSTASCESKITFIDGDEGILLHRGFPIDQLATDSNYLEVCYILLNGEKPTQEQYDEFKTTVTRHTMIHEQITRLFHAFRRDSHPMAVMCGITGALAAFYHDSLDVNNPRHREIAAFRLLSKMPTMAAMCYKYSIGQPFVYPRNDLSYAGNFLNMMFSTPCEPYEVNPILERAMDRILILHADHEQNASTSTVRTAGSSGANPFACIAAGIASLWGPAHGGANEAALKMLEEISSVKHIPEFVRRAKDKNDSFRLMGFGHRVYKNYDPRATVMRETCHEVLKELGTKDDLLEVAMELENIALNDPYFIEKKLYPNVDFYSGIILKAMGIPSSMFTVIFAMARTVGWIAHWSEMHSDGMKIARPRQLYTGYEKRDFKSDIKR,O
50,P0ABH7,wild,MADTKAKLTLNGDTAVELDVLKGTLGQDVIDIRTLGSKGVFTFDPGFTSTASCESKITFIDGDEGILLHRGFPIDQLATDSNYLEVCYILLNGEKPTQEQYDEFKTTVTRHTMIHEQITRLFHAFRRDSHPMAVMCGITGALAAFYHDSLDVNNPRHREIAAFRLLSKMPTMAAMCYKYSIGQPFVYPRNDLSYAGNFLNMMFSTPCEPYEVNPILERAMDRILILHADHEQNASTSTVRTAGSSGANPFACIAAGIASLWGPAHGGANEAALKMLEEISSVKHIPEFVRRAKDKNDSFRLMGFGHRVYKNYDPRATVMRETCHEVLKELGTKDDLLEVAMELENIALNDPYFIEKKLYPNVDFYSGIILKAMGIPSSMFTVIFAMARTVGWIAHWSEMHSDGMKIARPRQLYTGYEKRDFKSDIKR,C(C(=O)C(=O)O)C(=O)O
51,P0ABH7,wild,MADTKAKLTLNGDTAVELDVLKGTLGQDVIDIRTLGSKGVFTFDPGFTSTASCESKITFIDGDEGILLHRGFPIDQLATDSNYLEVCYILLNGEKPTQEQYDEFKTTVTRHTMIHEQITRLFHAFRRDSHPMAVMCGITGALAAFYHDSLDVNNPRHREIAAFRLLSKMPTMAAMCYKYSIGQPFVYPRNDLSYAGNFLNMMFSTPCEPYEVNPILERAMDRILILHADHEQNASTSTVRTAGSSGANPFACIAAGIASLWGPAHGGANEAALKMLEEISSVKHIPEFVRRAKDKNDSFRLMGFGHRVYKNYDPRATVMRETCHEVLKELGTKDDLLEVAMELENIALNDPYFIEKKLYPNVDFYSGIILKAMGIPSSMFTVIFAMARTVGWIAHWSEMHSDGMKIARPRQLYTGYEKRDFKSDIKR,CC(=O)SCCNC(=O)CCNC(=O)[C@@H](C(C)(C)COP(=O)(O)OP(=O)(O)OC[C@@H]1[C@H]([C@H]([C@@H](O1)N2C=NC3=C(N=CN=C32)N)O)OP(=O)(O)O)O
52,P0ABH7,wild,MADTKAKLTLNGDTAVELDVLKGTLGQDVIDIRTLGSKGVFTFDPGFTSTASCESKITFIDGDEGILLHRGFPIDQLATDSNYLEVCYILLNGEKPTQEQYDEFKTTVTRHTMIHEQITRLFHAFRRDSHPMAVMCGITGALAAFYHDSLDVNNPRHREIAAFRLLSKMPTMAAMCYKYSIGQPFVYPRNDLSYAGNFLNMMFSTPCEPYEVNPILERAMDRILILHADHEQNASTSTVRTAGSSGANPFACIAAGIASLWGPAHGGANEAALKMLEEISSVKHIPEFVRRAKDKNDSFRLMGFGHRVYKNYDPRATVMRETCHEVLKELGTKDDLLEVAMELENIALNDPYFIEKKLYPNVDFYSGIILKAMGIPSSMFTVIFAMARTVGWIAHWSEMHSDGMKIARPRQLYTGYEKRDFKSDIKR,O
53,P0ABH7,wild,MADTKAKLTLNGDTAVELDVLKGTLGQDVIDIRTLGSKGVFTFDPGFTSTASCESKITFIDGDEGILLHRGFPIDQLATDSNYLEVCYILLNGEKPTQEQYDEFKTTVTRHTMIHEQITRLFHAFRRDSHPMAVMCGITGALAAFYHDSLDVNNPRHREIAAFRLLSKMPTMAAMCYKYSIGQPFVYPRNDLSYAGNFLNMMFSTPCEPYEVNPILERAMDRILILHADHEQNASTSTVRTAGSSGANPFACIAAGIASLWGPAHGGANEAALKMLEEISSVKHIPEFVRRAKDKNDSFRLMGFGHRVYKNYDPRATVMRETCHEVLKELGTKDDLLEVAMELENIALNDPYFIEKKLYPNVDFYSGIILKAMGIPSSMFTVIFAMARTVGWIAHWSEMHSDGMKIARPRQLYTGYEKRDFKSDIKR,C(C(=O)C(=O)O)C(=O)O
54,P0A7Z0,wild,MTQDELKKAVGWAALQYVQPGTIVGVGTGSTAAHFIDALGTMKGQIEGAVSSSDASTEKLKSLGIHVFDLNEVDSLGIYVDGADEINGHMQMIKGGGAALTREKIIASVAEKFICIADASKQVDILGKFPLPVEVIPMARSAVARQLVKLGGRPEYRQGVVTDNGNVILDVHGMEILDPIAMENAINAIPGVVTVGLFANRGADVALIGTPDGVKTIVK,C([C@@H]1[C@H]([C@H]([C@H](O1)O)O)O)OP(=O)(O)O
55,P0A7Z0,wild,MTQDELKKAVGWAALQYVQPGTIVGVGTGSTAAHFIDALGTMKGQIEGAVSSSDASTEKLKSLGIHVFDLNEVDSLGIYVDGADEINGHMQMIKGGGAALTREKIIASVAEKFICIADASKQVDILGKFPLPVEVIPMARSAVARQLVKLGGRPEYRQGVVTDNGNVILDVHGMEILDPIAMENAINAIPGVVTVGLFANRGADVALIGTPDGVKTIVK,C([C@H]([C@H](C(=O)CO)O)O)OP(=O)(O)O
56,P37351,wild,MKKIAFGCDHVGFILKHEIVAHLVERGVEVIDKGTWSSERTDYPHYASQVALAVAGGEVDGGILICGTGVGISIAANKFAGIRAVVCSEPYSAQLSRQHNDTNVLAFGSRVVGLELAKMIVDAWLGAQYEGGRHQQRVEAITAIEQRRN,C([C@@H]1[C@H]([C@H]([C@H](O1)O)O)O)OP(=O)(O)O
57,P37351,wild,MKKIAFGCDHVGFILKHEIVAHLVERGVEVIDKGTWSSERTDYPHYASQVALAVAGGEVDGGILICGTGVGISIAANKFAGIRAVVCSEPYSAQLSRQHNDTNVLAFGSRVVGLELAKMIVDAWLGAQYEGGRHQQRVEAITAIEQRRN,C([C@H]([C@H](C(=O)CO)O)O)OP(=O)(O)O
58,P0A6P9,wild,MSKIVKIIGREIIDSRGNPTVEAEVHLEGGFVGMAAAPSGASTGSREALELRDGDKSRFLGKGVTKAVAAVNGPIAQALIGKDAKDQAGIDKIMIDLDGTENKSKFGANAILAVSLANAKAAAAAKGMPLYEHIAELNGTPGKYSMPVPMMNIINGGEHADNNVDIQEFMIQPVGAKTVKEAIRMGSEVFHHLAKVLKAKGMNTAVGDEGGYAPNLGSNAEALAVIAEAVKAAGYELGKDITLAMDCAASEFYKDGKYVLAGEGNKAFTSEEFTHFLEELTKQYPIVSIEDGLDESDWDGFAYQTKVLGDKIQLVGDDLFVTNTKILKEGIEKGIANSILIKFNQIGSLTETLAAIKMAKDAGYTAVISHRSGETEDATIADLAVGTAAGQIKTGSMSRSDRVAKYNQLIRIEEALGEKAPYNGRKEIKGQA,C([C@H](C(=O)O)OP(=O)(O)O)O
59,P0A6P9,wild,MSKIVKIIGREIIDSRGNPTVEAEVHLEGGFVGMAAAPSGASTGSREALELRDGDKSRFLGKGVTKAVAAVNGPIAQALIGKDAKDQAGIDKIMIDLDGTENKSKFGANAILAVSLANAKAAAAAKGMPLYEHIAELNGTPGKYSMPVPMMNIINGGEHADNNVDIQEFMIQPVGAKTVKEAIRMGSEVFHHLAKVLKAKGMNTAVGDEGGYAPNLGSNAEALAVIAEAVKAAGYELGKDITLAMDCAASEFYKDGKYVLAGEGNKAFTSEEFTHFLEELTKQYPIVSIEDGLDESDWDGFAYQTKVLGDKIQLVGDDLFVTNTKILKEGIEKGIANSILIKFNQIGSLTETLAAIKMAKDAGYTAVISHRSGETEDATIADLAVGTAAGQIKTGSMSRSDRVAKYNQLIRIEEALGEKAPYNGRKEIKGQA,O
60,P0A6P9,wild,MSKIVKIIGREIIDSRGNPTVEAEVHLEGGFVGMAAAPSGASTGSREALELRDGDKSRFLGKGVTKAVAAVNGPIAQALIGKDAKDQAGIDKIMIDLDGTENKSKFGANAILAVSLANAKAAAAAKGMPLYEHIAELNGTPGKYSMPVPMMNIINGGEHADNNVDIQEFMIQPVGAKTVKEAIRMGSEVFHHLAKVLKAKGMNTAVGDEGGYAPNLGSNAEALAVIAEAVKAAGYELGKDITLAMDCAASEFYKDGKYVLAGEGNKAFTSEEFTHFLEELTKQYPIVSIEDGLDESDWDGFAYQTKVLGDKIQLVGDDLFVTNTKILKEGIEKGIANSILIKFNQIGSLTETLAAIKMAKDAGYTAVISHRSGETEDATIADLAVGTAAGQIKTGSMSRSDRVAKYNQLIRIEEALGEKAPYNGRKEIKGQA,C=C(C(=O)O)OP(=O)(O)O
61,P27302,wild,MSSRKELANAIRALSMDAVQKAKSGHPGAPMGMADIAEVLWRDFLKHNPQNPSWADRDRFVLSNGHGSMLIYSLLHLTGYDLPMEELKNFRQLHSKTPGHPEVGYTAGVETTTGPLGQGIANAVGMAIAEKTLAAQFNRPGHDIVDHYTYAFMGDGCMMEGISHEVCSLAGTLKLGKLIAFYDDNGISIDGHVEGWFTDDTAMRFEAYGWHVIRDIDGHDAASIKRAVEEARAVTDKPSLLMCKTIIGFGSPNKAGTHDSHGAPLGDAEIALTREQLGWKYAPFEIPSEIYAQWDAKEAGQAKESAWNEKFAAYAKAYPQEAAEFTRRMKGEMPSDFDAKAKEFIAKLQANPAKIASRKASQNAIEAFGPLLPEFLGGSADLAPSNLTLWSGSKAINEDAAGNYIHYGVREFGMTAIANGISLHGGFLPYTSTFLMFVEYARNAVRMAALMKQRQVMVYTHDSIGLGEDGPTHQPVEQVASLRVTPNMSTWRPCDQVESAVAWKYGVERQDGPTALILSRQNLAQQERTEEQLANIARGGYVLKDCAGQPELIFIATGSEVELAVAAYEKLTAEGVKARVVSMPSTDAFDKQDAAYRESVLPKAVTARVAVEAGIADYWYKYVGLNGAIVGMTTFGESAPAELLFEEFGFTVDNVVAKAKELL,C(C(C=O)O)OP(=O)(O)O
62,P27302,wild,MSSRKELANAIRALSMDAVQKAKSGHPGAPMGMADIAEVLWRDFLKHNPQNPSWADRDRFVLSNGHGSMLIYSLLHLTGYDLPMEELKNFRQLHSKTPGHPEVGYTAGVETTTGPLGQGIANAVGMAIAEKTLAAQFNRPGHDIVDHYTYAFMGDGCMMEGISHEVCSLAGTLKLGKLIAFYDDNGISIDGHVEGWFTDDTAMRFEAYGWHVIRDIDGHDAASIKRAVEEARAVTDKPSLLMCKTIIGFGSPNKAGTHDSHGAPLGDAEIALTREQLGWKYAPFEIPSEIYAQWDAKEAGQAKESAWNEKFAAYAKAYPQEAAEFTRRMKGEMPSDFDAKAKEFIAKLQANPAKIASRKASQNAIEAFGPLLPEFLGGSADLAPSNLTLWSGSKAINEDAAGNYIHYGVREFGMTAIANGISLHGGFLPYTSTFLMFVEYARNAVRMAALMKQRQVMVYTHDSIGLGEDGPTHQPVEQVASLRVTPNMSTWRPCDQVESAVAWKYGVERQDGPTALILSRQNLAQQERTEEQLANIARGGYVLKDCAGQPELIFIATGSEVELAVAAYEKLTAEGVKARVVSMPSTDAFDKQDAAYRESVLPKAVTARVAVEAGIADYWYKYVGLNGAIVGMTTFGESAPAELLFEEFGFTVDNVVAKAKELL,C([C@H]([C@H]([C@H]([C@@H](C(=O)CO)O)O)O)O)OP(=O)(O)O
63,P33570,wild,MSRKDLANAIRALSMDAVQKANSGHPGAPMGMADIAEVLWNDFLKHNPTDPTWYDRDRFILSNGHASMLLYSLLHLTGYDLPLEELKNFRQLHSKTPGHPEIGYTPGVETTTGPLGQGLANAVGLAIAERTLAAQFNQPDHEIVDHFTYVFMGDGCLMEGISHEVCSLAGTLGLGKLIGFYDHNGISIDGETEGWFTDDTAKRFEAYHWHVIHEIDGHDPQAVKEAILEAQSVKDKPSLIICRTVIGFGSPNKAGKEEAHGAPLGEEEVALARQKLGWHHPPFEIPKEIYHAWDAREKGEKAQQSWNEKFAAYKKAHPQLAEEFTRRMSGGLPKDWEKTTQKYINELQANPAKIATRKASQNTLNAYGPMLPELLGGSADLAPSNLTIWKGSVSLKEDPAGNYIHYGVREFGMTAIANGIAHHGGFVPYTATFLMFVEYARNAARMAALMKARQIMVYTHDSIGLGEDGPTHQAVEQLASLRLTPNFSTWRPCDQVEAAVGWKLAVERHNGPTALILSRQNLAQVERTPDQVKEIARGGYVLKDSGGKPDIILIATGSEMEITLQAAEKLAGEGRNVRVVSLPSTDIFDAQDEEYRESVLPSNVAARVAVEAGIADYWYKYVGLKGAIVGMTGYGESAPADKLFPFFGFTAENIVAKAHKVLGVKGA,C(C(C=O)O)OP(=O)(O)O
64,P33570,wild,MSRKDLANAIRALSMDAVQKANSGHPGAPMGMADIAEVLWNDFLKHNPTDPTWYDRDRFILSNGHASMLLYSLLHLTGYDLPLEELKNFRQLHSKTPGHPEIGYTPGVETTTGPLGQGLANAVGLAIAERTLAAQFNQPDHEIVDHFTYVFMGDGCLMEGISHEVCSLAGTLGLGKLIGFYDHNGISIDGETEGWFTDDTAKRFEAYHWHVIHEIDGHDPQAVKEAILEAQSVKDKPSLIICRTVIGFGSPNKAGKEEAHGAPLGEEEVALARQKLGWHHPPFEIPKEIYHAWDAREKGEKAQQSWNEKFAAYKKAHPQLAEEFTRRMSGGLPKDWEKTTQKYINELQANPAKIATRKASQNTLNAYGPMLPELLGGSADLAPSNLTIWKGSVSLKEDPAGNYIHYGVREFGMTAIANGIAHHGGFVPYTATFLMFVEYARNAARMAALMKARQIMVYTHDSIGLGEDGPTHQAVEQLASLRLTPNFSTWRPCDQVEAAVGWKLAVERHNGPTALILSRQNLAQVERTPDQVKEIARGGYVLKDSGGKPDIILIATGSEMEITLQAAEKLAGEGRNVRVVSLPSTDIFDAQDEEYRESVLPSNVAARVAVEAGIADYWYKYVGLKGAIVGMTGYGESAPADKLFPFFGFTAENIVAKAHKVLGVKGA,C([C@H]([C@H]([C@H]([C@@H](C(=O)CO)O)O)O)O)OP(=O)(O)O
65,P27302,wild,MSSRKELANAIRALSMDAVQKAKSGHPGAPMGMADIAEVLWRDFLKHNPQNPSWADRDRFVLSNGHGSMLIYSLLHLTGYDLPMEELKNFRQLHSKTPGHPEVGYTAGVETTTGPLGQGIANAVGMAIAEKTLAAQFNRPGHDIVDHYTYAFMGDGCMMEGISHEVCSLAGTLKLGKLIAFYDDNGISIDGHVEGWFTDDTAMRFEAYGWHVIRDIDGHDAASIKRAVEEARAVTDKPSLLMCKTIIGFGSPNKAGTHDSHGAPLGDAEIALTREQLGWKYAPFEIPSEIYAQWDAKEAGQAKESAWNEKFAAYAKAYPQEAAEFTRRMKGEMPSDFDAKAKEFIAKLQANPAKIASRKASQNAIEAFGPLLPEFLGGSADLAPSNLTLWSGSKAINEDAAGNYIHYGVREFGMTAIANGISLHGGFLPYTSTFLMFVEYARNAVRMAALMKQRQVMVYTHDSIGLGEDGPTHQPVEQVASLRVTPNMSTWRPCDQVESAVAWKYGVERQDGPTALILSRQNLAQQERTEEQLANIARGGYVLKDCAGQPELIFIATGSEVELAVAAYEKLTAEGVKARVVSMPSTDAFDKQDAAYRESVLPKAVTARVAVEAGIADYWYKYVGLNGAIVGMTTFGESAPAELLFEEFGFTVDNVVAKAKELL,C([C@@H]1[C@H]([C@@H]([C@](O1)(CO)O)O)O)OP(=O)(O)O
66,P27302,wild,MSSRKELANAIRALSMDAVQKAKSGHPGAPMGMADIAEVLWRDFLKHNPQNPSWADRDRFVLSNGHGSMLIYSLLHLTGYDLPMEELKNFRQLHSKTPGHPEVGYTAGVETTTGPLGQGIANAVGMAIAEKTLAAQFNRPGHDIVDHYTYAFMGDGCMMEGISHEVCSLAGTLKLGKLIAFYDDNGISIDGHVEGWFTDDTAMRFEAYGWHVIRDIDGHDAASIKRAVEEARAVTDKPSLLMCKTIIGFGSPNKAGTHDSHGAPLGDAEIALTREQLGWKYAPFEIPSEIYAQWDAKEAGQAKESAWNEKFAAYAKAYPQEAAEFTRRMKGEMPSDFDAKAKEFIAKLQANPAKIASRKASQNAIEAFGPLLPEFLGGSADLAPSNLTLWSGSKAINEDAAGNYIHYGVREFGMTAIANGISLHGGFLPYTSTFLMFVEYARNAVRMAALMKQRQVMVYTHDSIGLGEDGPTHQPVEQVASLRVTPNMSTWRPCDQVESAVAWKYGVERQDGPTALILSRQNLAQQERTEEQLANIARGGYVLKDCAGQPELIFIATGSEVELAVAAYEKLTAEGVKARVVSMPSTDAFDKQDAAYRESVLPKAVTARVAVEAGIADYWYKYVGLNGAIVGMTTFGESAPAELLFEEFGFTVDNVVAKAKELL,C(C(C=O)O)OP(=O)(O)O
67,P33570,wild,MSRKDLANAIRALSMDAVQKANSGHPGAPMGMADIAEVLWNDFLKHNPTDPTWYDRDRFILSNGHASMLLYSLLHLTGYDLPLEELKNFRQLHSKTPGHPEIGYTPGVETTTGPLGQGLANAVGLAIAERTLAAQFNQPDHEIVDHFTYVFMGDGCLMEGISHEVCSLAGTLGLGKLIGFYDHNGISIDGETEGWFTDDTAKRFEAYHWHVIHEIDGHDPQAVKEAILEAQSVKDKPSLIICRTVIGFGSPNKAGKEEAHGAPLGEEEVALARQKLGWHHPPFEIPKEIYHAWDAREKGEKAQQSWNEKFAAYKKAHPQLAEEFTRRMSGGLPKDWEKTTQKYINELQANPAKIATRKASQNTLNAYGPMLPELLGGSADLAPSNLTIWKGSVSLKEDPAGNYIHYGVREFGMTAIANGIAHHGGFVPYTATFLMFVEYARNAARMAALMKARQIMVYTHDSIGLGEDGPTHQAVEQLASLRLTPNFSTWRPCDQVEAAVGWKLAVERHNGPTALILSRQNLAQVERTPDQVKEIARGGYVLKDSGGKPDIILIATGSEMEITLQAAEKLAGEGRNVRVVSLPSTDIFDAQDEEYRESVLPSNVAARVAVEAGIADYWYKYVGLKGAIVGMTGYGESAPADKLFPFFGFTAENIVAKAHKVLGVKGA,C([C@@H]1[C@H]([C@@H]([C@](O1)(CO)O)O)O)OP(=O)(O)O
68,P33570,wild,MSRKDLANAIRALSMDAVQKANSGHPGAPMGMADIAEVLWNDFLKHNPTDPTWYDRDRFILSNGHASMLLYSLLHLTGYDLPLEELKNFRQLHSKTPGHPEIGYTPGVETTTGPLGQGLANAVGLAIAERTLAAQFNQPDHEIVDHFTYVFMGDGCLMEGISHEVCSLAGTLGLGKLIGFYDHNGISIDGETEGWFTDDTAKRFEAYHWHVIHEIDGHDPQAVKEAILEAQSVKDKPSLIICRTVIGFGSPNKAGKEEAHGAPLGEEEVALARQKLGWHHPPFEIPKEIYHAWDAREKGEKAQQSWNEKFAAYKKAHPQLAEEFTRRMSGGLPKDWEKTTQKYINELQANPAKIATRKASQNTLNAYGPMLPELLGGSADLAPSNLTIWKGSVSLKEDPAGNYIHYGVREFGMTAIANGIAHHGGFVPYTATFLMFVEYARNAARMAALMKARQIMVYTHDSIGLGEDGPTHQAVEQLASLRLTPNFSTWRPCDQVEAAVGWKLAVERHNGPTALILSRQNLAQVERTPDQVKEIARGGYVLKDSGGKPDIILIATGSEMEITLQAAEKLAGEGRNVRVVSLPSTDIFDAQDEEYRESVLPSNVAARVAVEAGIADYWYKYVGLKGAIVGMTGYGESAPADKLFPFFGFTAENIVAKAHKVLGVKGA,C(C(C=O)O)OP(=O)(O)O
69,P0A858,wild,MRHPLVMGNWKLNGSRHMVHELVSNLRKELAGVAGCAVAIAPPEMYIDMAKREAEGSHIMLGAQNVDLNLSGAFTGETSAAMLKDIGAQYIIIGHSERRTYHKESDELIAKKFAVLKEQGLTPVLCIGETEAENEAGKTEEVCARQIDAVLKTQGAAAFEGAVIAYEPVWAIGTGKSATPAQAQAVHKFIRDHIAKVDANIAEQVIIQYGGSVNASNAAELFAQPDIDGALVGGASLKADAFAVIVKAAEAAKQA,C(C(C=O)O)OP(=O)(O)O
70,P0AC53,wild,MAVTQTAQACDLVIFGAKGDLARRKLLPSLYQLEKAGQLNPDTRIIGVGRADWDKAAYTKVVREALETFMKETIDEGLWDTLSARLDFCNLDVNDTAAFSRLGAMLDQKNRITINYFAMPPSTFGAICKGLGEAKLNAKPARVVMEKPLGTSLATSQEINDQVGEYFEECQVYRIDHYLGKETVLNLLALRFANSLFVNNWDNRTIDHVEITVAEEVGIEGRWGYFDKAGQMRDMIQNHLLQILCMIAMSPPSDLSADSIRDEKVKVLKSLRRIDRSNVREKTVRGQYTAGFAQGKKVPGYLEEEGANKSSNTETFVAIRVDIDNWRWAGVPFYLRTGKRLPTKCSEVVVYFKTPELNLFKESWQDLPQNKLTIRLQPDEGVDIQVLNKVPGLDHKHNLQITKLDLSYSETFNQTHLADAYERLLLETMRGIQALFVRRDEVEEAWKWVDSITEAWAMDNDAPKPYQAGTWGPVASVAMITRDGRSWNEFE,C([C@@H]1[C@H]([C@@H]([C@H](C(O1)O)O)O)O)OP(=O)(O)O
71,P0AC53,wild,MAVTQTAQACDLVIFGAKGDLARRKLLPSLYQLEKAGQLNPDTRIIGVGRADWDKAAYTKVVREALETFMKETIDEGLWDTLSARLDFCNLDVNDTAAFSRLGAMLDQKNRITINYFAMPPSTFGAICKGLGEAKLNAKPARVVMEKPLGTSLATSQEINDQVGEYFEECQVYRIDHYLGKETVLNLLALRFANSLFVNNWDNRTIDHVEITVAEEVGIEGRWGYFDKAGQMRDMIQNHLLQILCMIAMSPPSDLSADSIRDEKVKVLKSLRRIDRSNVREKTVRGQYTAGFAQGKKVPGYLEEEGANKSSNTETFVAIRVDIDNWRWAGVPFYLRTGKRLPTKCSEVVVYFKTPELNLFKESWQDLPQNKLTIRLQPDEGVDIQVLNKVPGLDHKHNLQITKLDLSYSETFNQTHLADAYERLLLETMRGIQALFVRRDEVEEAWKWVDSITEAWAMDNDAPKPYQAGTWGPVASVAMITRDGRSWNEFE,C1=CC(=C[N+](=C1)[C@H]2[C@@H]([C@@H]([C@H](O2)COP(=O)(O)OP(=O)(O)OC[C@@H]3[C@H]([C@H]([C@@H](O3)N4C=NC5=C(N=CN=C54)N)OP(=O)(O)O)O)O)O)C(=O)N
72,P0AC53,wild,MAVTQTAQACDLVIFGAKGDLARRKLLPSLYQLEKAGQLNPDTRIIGVGRADWDKAAYTKVVREALETFMKETIDEGLWDTLSARLDFCNLDVNDTAAFSRLGAMLDQKNRITINYFAMPPSTFGAICKGLGEAKLNAKPARVVMEKPLGTSLATSQEINDQVGEYFEECQVYRIDHYLGKETVLNLLALRFANSLFVNNWDNRTIDHVEITVAEEVGIEGRWGYFDKAGQMRDMIQNHLLQILCMIAMSPPSDLSADSIRDEKVKVLKSLRRIDRSNVREKTVRGQYTAGFAQGKKVPGYLEEEGANKSSNTETFVAIRVDIDNWRWAGVPFYLRTGKRLPTKCSEVVVYFKTPELNLFKESWQDLPQNKLTIRLQPDEGVDIQVLNKVPGLDHKHNLQITKLDLSYSETFNQTHLADAYERLLLETMRGIQALFVRRDEVEEAWKWVDSITEAWAMDNDAPKPYQAGTWGPVASVAMITRDGRSWNEFE,C([C@@H]1[C@H]([C@@H]([C@H](C(=O)O1)O)O)O)OP(=O)(O)O
73,P0AC53,wild,MAVTQTAQACDLVIFGAKGDLARRKLLPSLYQLEKAGQLNPDTRIIGVGRADWDKAAYTKVVREALETFMKETIDEGLWDTLSARLDFCNLDVNDTAAFSRLGAMLDQKNRITINYFAMPPSTFGAICKGLGEAKLNAKPARVVMEKPLGTSLATSQEINDQVGEYFEECQVYRIDHYLGKETVLNLLALRFANSLFVNNWDNRTIDHVEITVAEEVGIEGRWGYFDKAGQMRDMIQNHLLQILCMIAMSPPSDLSADSIRDEKVKVLKSLRRIDRSNVREKTVRGQYTAGFAQGKKVPGYLEEEGANKSSNTETFVAIRVDIDNWRWAGVPFYLRTGKRLPTKCSEVVVYFKTPELNLFKESWQDLPQNKLTIRLQPDEGVDIQVLNKVPGLDHKHNLQITKLDLSYSETFNQTHLADAYERLLLETMRGIQALFVRRDEVEEAWKWVDSITEAWAMDNDAPKPYQAGTWGPVASVAMITRDGRSWNEFE,[H+]
74,P0AC53,wild,MAVTQTAQACDLVIFGAKGDLARRKLLPSLYQLEKAGQLNPDTRIIGVGRADWDKAAYTKVVREALETFMKETIDEGLWDTLSARLDFCNLDVNDTAAFSRLGAMLDQKNRITINYFAMPPSTFGAICKGLGEAKLNAKPARVVMEKPLGTSLATSQEINDQVGEYFEECQVYRIDHYLGKETVLNLLALRFANSLFVNNWDNRTIDHVEITVAEEVGIEGRWGYFDKAGQMRDMIQNHLLQILCMIAMSPPSDLSADSIRDEKVKVLKSLRRIDRSNVREKTVRGQYTAGFAQGKKVPGYLEEEGANKSSNTETFVAIRVDIDNWRWAGVPFYLRTGKRLPTKCSEVVVYFKTPELNLFKESWQDLPQNKLTIRLQPDEGVDIQVLNKVPGLDHKHNLQITKLDLSYSETFNQTHLADAYERLLLETMRGIQALFVRRDEVEEAWKWVDSITEAWAMDNDAPKPYQAGTWGPVASVAMITRDGRSWNEFE,C1C=CN(C=C1C(=O)N)[C@H]2[C@@H]([C@@H]([C@H](O2)COP(=O)(O)OP(=O)(O)OC[C@@H]3[C@H]([C@H]([C@@H](O3)N4C=NC5=C(N=CN=C54)N)OP(=O)(O)O)O)O)O
75,P0AC53,wild,MAVTQTAQACDLVIFGAKGDLARRKLLPSLYQLEKAGQLNPDTRIIGVGRADWDKAAYTKVVREALETFMKETIDEGLWDTLSARLDFCNLDVNDTAAFSRLGAMLDQKNRITINYFAMPPSTFGAICKGLGEAKLNAKPARVVMEKPLGTSLATSQEINDQVGEYFEECQVYRIDHYLGKETVLNLLALRFANSLFVNNWDNRTIDHVEITVAEEVGIEGRWGYFDKAGQMRDMIQNHLLQILCMIAMSPPSDLSADSIRDEKVKVLKSLRRIDRSNVREKTVRGQYTAGFAQGKKVPGYLEEEGANKSSNTETFVAIRVDIDNWRWAGVPFYLRTGKRLPTKCSEVVVYFKTPELNLFKESWQDLPQNKLTIRLQPDEGVDIQVLNKVPGLDHKHNLQITKLDLSYSETFNQTHLADAYERLLLETMRGIQALFVRRDEVEEAWKWVDSITEAWAMDNDAPKPYQAGTWGPVASVAMITRDGRSWNEFE,C([C@@H]1[C@H]([C@@H]([C@H](C(=O)O1)O)O)O)OP(=O)(O)O
76,P0AC53,wild,MAVTQTAQACDLVIFGAKGDLARRKLLPSLYQLEKAGQLNPDTRIIGVGRADWDKAAYTKVVREALETFMKETIDEGLWDTLSARLDFCNLDVNDTAAFSRLGAMLDQKNRITINYFAMPPSTFGAICKGLGEAKLNAKPARVVMEKPLGTSLATSQEINDQVGEYFEECQVYRIDHYLGKETVLNLLALRFANSLFVNNWDNRTIDHVEITVAEEVGIEGRWGYFDKAGQMRDMIQNHLLQILCMIAMSPPSDLSADSIRDEKVKVLKSLRRIDRSNVREKTVRGQYTAGFAQGKKVPGYLEEEGANKSSNTETFVAIRVDIDNWRWAGVPFYLRTGKRLPTKCSEVVVYFKTPELNLFKESWQDLPQNKLTIRLQPDEGVDIQVLNKVPGLDHKHNLQITKLDLSYSETFNQTHLADAYERLLLETMRGIQALFVRRDEVEEAWKWVDSITEAWAMDNDAPKPYQAGTWGPVASVAMITRDGRSWNEFE,[H+]
77,P0AC53,wild,MAVTQTAQACDLVIFGAKGDLARRKLLPSLYQLEKAGQLNPDTRIIGVGRADWDKAAYTKVVREALETFMKETIDEGLWDTLSARLDFCNLDVNDTAAFSRLGAMLDQKNRITINYFAMPPSTFGAICKGLGEAKLNAKPARVVMEKPLGTSLATSQEINDQVGEYFEECQVYRIDHYLGKETVLNLLALRFANSLFVNNWDNRTIDHVEITVAEEVGIEGRWGYFDKAGQMRDMIQNHLLQILCMIAMSPPSDLSADSIRDEKVKVLKSLRRIDRSNVREKTVRGQYTAGFAQGKKVPGYLEEEGANKSSNTETFVAIRVDIDNWRWAGVPFYLRTGKRLPTKCSEVVVYFKTPELNLFKESWQDLPQNKLTIRLQPDEGVDIQVLNKVPGLDHKHNLQITKLDLSYSETFNQTHLADAYERLLLETMRGIQALFVRRDEVEEAWKWVDSITEAWAMDNDAPKPYQAGTWGPVASVAMITRDGRSWNEFE,C1C=CN(C=C1C(=O)N)[C@H]2[C@@H]([C@@H]([C@H](O2)COP(=O)(O)OP(=O)(O)OC[C@@H]3[C@H]([C@H]([C@@H](O3)N4C=NC5=C(N=CN=C54)N)OP(=O)(O)O)O)O)O
78,P0A9B2,wild,MTIKVGINGFGRIGRIVFRAAQKRSDIEIVAINDLLDADYMAYMLKYDSTHGRFDGTVEVKDGHLIVNGKKIRVTAERDPANLKWDEVGVDVVAEATGLFLTDETARKHITAGAKKVVMTGPSKDNTPMFVKGANFDKYAGQDIVSNASCTTNCLAPLAKVINDNFGIIEGLMTTVHATTATQKTVDGPSHKDWRGGRGASQNIIPSSTGAAKAVGKVLPELNGKLTGMAFRVPTPNVSVVDLTVRLEKAATYEQIKAAVKAAAEGEMKGVLGYTEDDVVSTDFNGEVCTSVFDAKAGIALNDNFVKLVSWYDNETGYSNKVLDLIAHISK,C(C(C=O)O)OP(=O)(O)O
79,P0A9B2,wild,MTIKVGINGFGRIGRIVFRAAQKRSDIEIVAINDLLDADYMAYMLKYDSTHGRFDGTVEVKDGHLIVNGKKIRVTAERDPANLKWDEVGVDVVAEATGLFLTDETARKHITAGAKKVVMTGPSKDNTPMFVKGANFDKYAGQDIVSNASCTTNCLAPLAKVINDNFGIIEGLMTTVHATTATQKTVDGPSHKDWRGGRGASQNIIPSSTGAAKAVGKVLPELNGKLTGMAFRVPTPNVSVVDLTVRLEKAATYEQIKAAVKAAAEGEMKGVLGYTEDDVVSTDFNGEVCTSVFDAKAGIALNDNFVKLVSWYDNETGYSNKVLDLIAHISK,C1=CC(=C[N+](=C1)[C@H]2[C@@H]([C@@H]([C@H](O2)COP(=O)(O)OP(=O)(O)OC[C@@H]3[C@H]([C@H]([C@@H](O3)N4C=NC5=C(N=CN=C54)N)O)O)O)O)C(=O)N
80,P0A9B2,wild,MTIKVGINGFGRIGRIVFRAAQKRSDIEIVAINDLLDADYMAYMLKYDSTHGRFDGTVEVKDGHLIVNGKKIRVTAERDPANLKWDEVGVDVVAEATGLFLTDETARKHITAGAKKVVMTGPSKDNTPMFVKGANFDKYAGQDIVSNASCTTNCLAPLAKVINDNFGIIEGLMTTVHATTATQKTVDGPSHKDWRGGRGASQNIIPSSTGAAKAVGKVLPELNGKLTGMAFRVPTPNVSVVDLTVRLEKAATYEQIKAAVKAAAEGEMKGVLGYTEDDVVSTDFNGEVCTSVFDAKAGIALNDNFVKLVSWYDNETGYSNKVLDLIAHISK,OP(=O)(O)O
81,P0A9B2,wild,MTIKVGINGFGRIGRIVFRAAQKRSDIEIVAINDLLDADYMAYMLKYDSTHGRFDGTVEVKDGHLIVNGKKIRVTAERDPANLKWDEVGVDVVAEATGLFLTDETARKHITAGAKKVVMTGPSKDNTPMFVKGANFDKYAGQDIVSNASCTTNCLAPLAKVINDNFGIIEGLMTTVHATTATQKTVDGPSHKDWRGGRGASQNIIPSSTGAAKAVGKVLPELNGKLTGMAFRVPTPNVSVVDLTVRLEKAATYEQIKAAVKAAAEGEMKGVLGYTEDDVVSTDFNGEVCTSVFDAKAGIALNDNFVKLVSWYDNETGYSNKVLDLIAHISK,C([C@H](C(=O)OP(=O)(O)O)O)OP(=O)(O)O
82,P0A9B2,wild,MTIKVGINGFGRIGRIVFRAAQKRSDIEIVAINDLLDADYMAYMLKYDSTHGRFDGTVEVKDGHLIVNGKKIRVTAERDPANLKWDEVGVDVVAEATGLFLTDETARKHITAGAKKVVMTGPSKDNTPMFVKGANFDKYAGQDIVSNASCTTNCLAPLAKVINDNFGIIEGLMTTVHATTATQKTVDGPSHKDWRGGRGASQNIIPSSTGAAKAVGKVLPELNGKLTGMAFRVPTPNVSVVDLTVRLEKAATYEQIKAAVKAAAEGEMKGVLGYTEDDVVSTDFNGEVCTSVFDAKAGIALNDNFVKLVSWYDNETGYSNKVLDLIAHISK,[H+]
83,P0A9B2,wild,MTIKVGINGFGRIGRIVFRAAQKRSDIEIVAINDLLDADYMAYMLKYDSTHGRFDGTVEVKDGHLIVNGKKIRVTAERDPANLKWDEVGVDVVAEATGLFLTDETARKHITAGAKKVVMTGPSKDNTPMFVKGANFDKYAGQDIVSNASCTTNCLAPLAKVINDNFGIIEGLMTTVHATTATQKTVDGPSHKDWRGGRGASQNIIPSSTGAAKAVGKVLPELNGKLTGMAFRVPTPNVSVVDLTVRLEKAATYEQIKAAVKAAAEGEMKGVLGYTEDDVVSTDFNGEVCTSVFDAKAGIALNDNFVKLVSWYDNETGYSNKVLDLIAHISK,C1C=CN(C=C1C(=O)N)[C@H]2[C@@H]([C@@H]([C@H](O2)COP(=O)(O)OP(=O)(O)OC[C@@H]3[C@H]([C@H]([C@@H](O3)N4C=NC5=C(N=CN=C54)N)O)O)O)O
84,P0A9B2,wild,MTIKVGINGFGRIGRIVFRAAQKRSDIEIVAINDLLDADYMAYMLKYDSTHGRFDGTVEVKDGHLIVNGKKIRVTAERDPANLKWDEVGVDVVAEATGLFLTDETARKHITAGAKKVVMTGPSKDNTPMFVKGANFDKYAGQDIVSNASCTTNCLAPLAKVINDNFGIIEGLMTTVHATTATQKTVDGPSHKDWRGGRGASQNIIPSSTGAAKAVGKVLPELNGKLTGMAFRVPTPNVSVVDLTVRLEKAATYEQIKAAVKAAAEGEMKGVLGYTEDDVVSTDFNGEVCTSVFDAKAGIALNDNFVKLVSWYDNETGYSNKVLDLIAHISK,C(C(C=O)O)OP(=O)(O)O
85,P0A9B2,wild,MTIKVGINGFGRIGRIVFRAAQKRSDIEIVAINDLLDADYMAYMLKYDSTHGRFDGTVEVKDGHLIVNGKKIRVTAERDPANLKWDEVGVDVVAEATGLFLTDETARKHITAGAKKVVMTGPSKDNTPMFVKGANFDKYAGQDIVSNASCTTNCLAPLAKVINDNFGIIEGLMTTVHATTATQKTVDGPSHKDWRGGRGASQNIIPSSTGAAKAVGKVLPELNGKLTGMAFRVPTPNVSVVDLTVRLEKAATYEQIKAAVKAAAEGEMKGVLGYTEDDVVSTDFNGEVCTSVFDAKAGIALNDNFVKLVSWYDNETGYSNKVLDLIAHISK,C1=CC(=C[N+](=C1)[C@H]2[C@@H]([C@@H]([C@H](O2)COP(=O)(O)OP(=O)(O)OC[C@@H]3[C@H]([C@H]([C@@H](O3)N4C=NC5=C(N=CN=C54)N)O)O)O)O)C(=O)N
86,P0A9B2,wild,MTIKVGINGFGRIGRIVFRAAQKRSDIEIVAINDLLDADYMAYMLKYDSTHGRFDGTVEVKDGHLIVNGKKIRVTAERDPANLKWDEVGVDVVAEATGLFLTDETARKHITAGAKKVVMTGPSKDNTPMFVKGANFDKYAGQDIVSNASCTTNCLAPLAKVINDNFGIIEGLMTTVHATTATQKTVDGPSHKDWRGGRGASQNIIPSSTGAAKAVGKVLPELNGKLTGMAFRVPTPNVSVVDLTVRLEKAATYEQIKAAVKAAAEGEMKGVLGYTEDDVVSTDFNGEVCTSVFDAKAGIALNDNFVKLVSWYDNETGYSNKVLDLIAHISK,OP(=O)(O)O
87,P0A9B2,wild,MTIKVGINGFGRIGRIVFRAAQKRSDIEIVAINDLLDADYMAYMLKYDSTHGRFDGTVEVKDGHLIVNGKKIRVTAERDPANLKWDEVGVDVVAEATGLFLTDETARKHITAGAKKVVMTGPSKDNTPMFVKGANFDKYAGQDIVSNASCTTNCLAPLAKVINDNFGIIEGLMTTVHATTATQKTVDGPSHKDWRGGRGASQNIIPSSTGAAKAVGKVLPELNGKLTGMAFRVPTPNVSVVDLTVRLEKAATYEQIKAAVKAAAEGEMKGVLGYTEDDVVSTDFNGEVCTSVFDAKAGIALNDNFVKLVSWYDNETGYSNKVLDLIAHISK,C([C@H](C(=O)OP(=O)(O)O)O)OP(=O)(O)O
88,P0A9B2,wild,MTIKVGINGFGRIGRIVFRAAQKRSDIEIVAINDLLDADYMAYMLKYDSTHGRFDGTVEVKDGHLIVNGKKIRVTAERDPANLKWDEVGVDVVAEATGLFLTDETARKHITAGAKKVVMTGPSKDNTPMFVKGANFDKYAGQDIVSNASCTTNCLAPLAKVINDNFGIIEGLMTTVHATTATQKTVDGPSHKDWRGGRGASQNIIPSSTGAAKAVGKVLPELNGKLTGMAFRVPTPNVSVVDLTVRLEKAATYEQIKAAVKAAAEGEMKGVLGYTEDDVVSTDFNGEVCTSVFDAKAGIALNDNFVKLVSWYDNETGYSNKVLDLIAHISK,[H+]
89,P0A9B2,wild,MTIKVGINGFGRIGRIVFRAAQKRSDIEIVAINDLLDADYMAYMLKYDSTHGRFDGTVEVKDGHLIVNGKKIRVTAERDPANLKWDEVGVDVVAEATGLFLTDETARKHITAGAKKVVMTGPSKDNTPMFVKGANFDKYAGQDIVSNASCTTNCLAPLAKVINDNFGIIEGLMTTVHATTATQKTVDGPSHKDWRGGRGASQNIIPSSTGAAKAVGKVLPELNGKLTGMAFRVPTPNVSVVDLTVRLEKAATYEQIKAAVKAAAEGEMKGVLGYTEDDVVSTDFNGEVCTSVFDAKAGIALNDNFVKLVSWYDNETGYSNKVLDLIAHISK,C1C=CN(C=C1C(=O)N)[C@H]2[C@@H]([C@@H]([C@H](O2)COP(=O)(O)OP(=O)(O)OC[C@@H]3[C@H]([C@H]([C@@H](O3)N4C=NC5=C(N=CN=C54)N)O)O)O)O
90,P00370,wild,MDQTYSLESFLNHVQKRDPNQTEFAQAVREVMTTLWPFLEQNPKYRQMSLLERLVEPERVIQFRVVWVDDRNQIQVNRAWRVQFSSAIGPYKGGMRFHPSVNLSILKFLGFEQTFKNALTTLPMGGGKGGSDFDPKGKSEGEVMRFCQALMTELYRHLGADTDVPAGDIGVGGREVGFMAGMMKKLSNNTACVFTGKGLSFGGSLIRPEATGYGLVYFTEAMLKRHGMGFEGMRVSVSGSGNVAQYAIEKAMEFGARVITASDSSGTVVDESGFTKEKLARLIEIKASRDGRVADYAKEFGLVYLEGQQPWSLPVDIALPCATQNELDVDAAHQLIANGVKAVAEGANMPTTIEATELFQQAGVLFAPGKAANAGGVATSGLEMAQNAARLGWKAEKVDARLHHIMLDIHHACVEHGGEGEQTNYVQGANIAGFVKVADAMLAQGVI,C(CC(=O)O)[C@@H](C(=O)O)N
91,P00370,wild,MDQTYSLESFLNHVQKRDPNQTEFAQAVREVMTTLWPFLEQNPKYRQMSLLERLVEPERVIQFRVVWVDDRNQIQVNRAWRVQFSSAIGPYKGGMRFHPSVNLSILKFLGFEQTFKNALTTLPMGGGKGGSDFDPKGKSEGEVMRFCQALMTELYRHLGADTDVPAGDIGVGGREVGFMAGMMKKLSNNTACVFTGKGLSFGGSLIRPEATGYGLVYFTEAMLKRHGMGFEGMRVSVSGSGNVAQYAIEKAMEFGARVITASDSSGTVVDESGFTKEKLARLIEIKASRDGRVADYAKEFGLVYLEGQQPWSLPVDIALPCATQNELDVDAAHQLIANGVKAVAEGANMPTTIEATELFQQAGVLFAPGKAANAGGVATSGLEMAQNAARLGWKAEKVDARLHHIMLDIHHACVEHGGEGEQTNYVQGANIAGFVKVADAMLAQGVI,O
92,P00370,wild,MDQTYSLESFLNHVQKRDPNQTEFAQAVREVMTTLWPFLEQNPKYRQMSLLERLVEPERVIQFRVVWVDDRNQIQVNRAWRVQFSSAIGPYKGGMRFHPSVNLSILKFLGFEQTFKNALTTLPMGGGKGGSDFDPKGKSEGEVMRFCQALMTELYRHLGADTDVPAGDIGVGGREVGFMAGMMKKLSNNTACVFTGKGLSFGGSLIRPEATGYGLVYFTEAMLKRHGMGFEGMRVSVSGSGNVAQYAIEKAMEFGARVITASDSSGTVVDESGFTKEKLARLIEIKASRDGRVADYAKEFGLVYLEGQQPWSLPVDIALPCATQNELDVDAAHQLIANGVKAVAEGANMPTTIEATELFQQAGVLFAPGKAANAGGVATSGLEMAQNAARLGWKAEKVDARLHHIMLDIHHACVEHGGEGEQTNYVQGANIAGFVKVADAMLAQGVI,C1=CC(=C[N+](=C1)[C@H]2[C@@H]([C@@H]([C@H](O2)COP(=O)(O)OP(=O)(O)OC[C@@H]3[C@H]([C@H]([C@@H](O3)N4C=NC5=C(N=CN=C54)N)OP(=O)(O)O)O)O)O)C(=O)N
93,P00370,wild,MDQTYSLESFLNHVQKRDPNQTEFAQAVREVMTTLWPFLEQNPKYRQMSLLERLVEPERVIQFRVVWVDDRNQIQVNRAWRVQFSSAIGPYKGGMRFHPSVNLSILKFLGFEQTFKNALTTLPMGGGKGGSDFDPKGKSEGEVMRFCQALMTELYRHLGADTDVPAGDIGVGGREVGFMAGMMKKLSNNTACVFTGKGLSFGGSLIRPEATGYGLVYFTEAMLKRHGMGFEGMRVSVSGSGNVAQYAIEKAMEFGARVITASDSSGTVVDESGFTKEKLARLIEIKASRDGRVADYAKEFGLVYLEGQQPWSLPVDIALPCATQNELDVDAAHQLIANGVKAVAEGANMPTTIEATELFQQAGVLFAPGKAANAGGVATSGLEMAQNAARLGWKAEKVDARLHHIMLDIHHACVEHGGEGEQTNYVQGANIAGFVKVADAMLAQGVI,C(CC(=O)O)C(=O)C(=O)O
94,P00370,wild,MDQTYSLESFLNHVQKRDPNQTEFAQAVREVMTTLWPFLEQNPKYRQMSLLERLVEPERVIQFRVVWVDDRNQIQVNRAWRVQFSSAIGPYKGGMRFHPSVNLSILKFLGFEQTFKNALTTLPMGGGKGGSDFDPKGKSEGEVMRFCQALMTELYRHLGADTDVPAGDIGVGGREVGFMAGMMKKLSNNTACVFTGKGLSFGGSLIRPEATGYGLVYFTEAMLKRHGMGFEGMRVSVSGSGNVAQYAIEKAMEFGARVITASDSSGTVVDESGFTKEKLARLIEIKASRDGRVADYAKEFGLVYLEGQQPWSLPVDIALPCATQNELDVDAAHQLIANGVKAVAEGANMPTTIEATELFQQAGVLFAPGKAANAGGVATSGLEMAQNAARLGWKAEKVDARLHHIMLDIHHACVEHGGEGEQTNYVQGANIAGFVKVADAMLAQGVI,[H+]
95,P00370,wild,MDQTYSLESFLNHVQKRDPNQTEFAQAVREVMTTLWPFLEQNPKYRQMSLLERLVEPERVIQFRVVWVDDRNQIQVNRAWRVQFSSAIGPYKGGMRFHPSVNLSILKFLGFEQTFKNALTTLPMGGGKGGSDFDPKGKSEGEVMRFCQALMTELYRHLGADTDVPAGDIGVGGREVGFMAGMMKKLSNNTACVFTGKGLSFGGSLIRPEATGYGLVYFTEAMLKRHGMGFEGMRVSVSGSGNVAQYAIEKAMEFGARVITASDSSGTVVDESGFTKEKLARLIEIKASRDGRVADYAKEFGLVYLEGQQPWSLPVDIALPCATQNELDVDAAHQLIANGVKAVAEGANMPTTIEATELFQQAGVLFAPGKAANAGGVATSGLEMAQNAARLGWKAEKVDARLHHIMLDIHHACVEHGGEGEQTNYVQGANIAGFVKVADAMLAQGVI,C1C=CN(C=C1C(=O)N)[C@H]2[C@@H]([C@@H]([C@H](O2)COP(=O)(O)OP(=O)(O)OC[C@@H]3[C@H]([C@H]([C@@H](O3)N4C=NC5=C(N=CN=C54)N)OP(=O)(O)O)O)O)O
96,P00370,wild,MDQTYSLESFLNHVQKRDPNQTEFAQAVREVMTTLWPFLEQNPKYRQMSLLERLVEPERVIQFRVVWVDDRNQIQVNRAWRVQFSSAIGPYKGGMRFHPSVNLSILKFLGFEQTFKNALTTLPMGGGKGGSDFDPKGKSEGEVMRFCQALMTELYRHLGADTDVPAGDIGVGGREVGFMAGMMKKLSNNTACVFTGKGLSFGGSLIRPEATGYGLVYFTEAMLKRHGMGFEGMRVSVSGSGNVAQYAIEKAMEFGARVITASDSSGTVVDESGFTKEKLARLIEIKASRDGRVADYAKEFGLVYLEGQQPWSLPVDIALPCATQNELDVDAAHQLIANGVKAVAEGANMPTTIEATELFQQAGVLFAPGKAANAGGVATSGLEMAQNAARLGWKAEKVDARLHHIMLDIHHACVEHGGEGEQTNYVQGANIAGFVKVADAMLAQGVI,N
97,P00370,wild,MDQTYSLESFLNHVQKRDPNQTEFAQAVREVMTTLWPFLEQNPKYRQMSLLERLVEPERVIQFRVVWVDDRNQIQVNRAWRVQFSSAIGPYKGGMRFHPSVNLSILKFLGFEQTFKNALTTLPMGGGKGGSDFDPKGKSEGEVMRFCQALMTELYRHLGADTDVPAGDIGVGGREVGFMAGMMKKLSNNTACVFTGKGLSFGGSLIRPEATGYGLVYFTEAMLKRHGMGFEGMRVSVSGSGNVAQYAIEKAMEFGARVITASDSSGTVVDESGFTKEKLARLIEIKASRDGRVADYAKEFGLVYLEGQQPWSLPVDIALPCATQNELDVDAAHQLIANGVKAVAEGANMPTTIEATELFQQAGVLFAPGKAANAGGVATSGLEMAQNAARLGWKAEKVDARLHHIMLDIHHACVEHGGEGEQTNYVQGANIAGFVKVADAMLAQGVI,C(CC(=O)O)[C@@H](C(=O)O)N
98,P00370,wild,MDQTYSLESFLNHVQKRDPNQTEFAQAVREVMTTLWPFLEQNPKYRQMSLLERLVEPERVIQFRVVWVDDRNQIQVNRAWRVQFSSAIGPYKGGMRFHPSVNLSILKFLGFEQTFKNALTTLPMGGGKGGSDFDPKGKSEGEVMRFCQALMTELYRHLGADTDVPAGDIGVGGREVGFMAGMMKKLSNNTACVFTGKGLSFGGSLIRPEATGYGLVYFTEAMLKRHGMGFEGMRVSVSGSGNVAQYAIEKAMEFGARVITASDSSGTVVDESGFTKEKLARLIEIKASRDGRVADYAKEFGLVYLEGQQPWSLPVDIALPCATQNELDVDAAHQLIANGVKAVAEGANMPTTIEATELFQQAGVLFAPGKAANAGGVATSGLEMAQNAARLGWKAEKVDARLHHIMLDIHHACVEHGGEGEQTNYVQGANIAGFVKVADAMLAQGVI,O
99,P00370,wild,MDQTYSLESFLNHVQKRDPNQTEFAQAVREVMTTLWPFLEQNPKYRQMSLLERLVEPERVIQFRVVWVDDRNQIQVNRAWRVQFSSAIGPYKGGMRFHPSVNLSILKFLGFEQTFKNALTTLPMGGGKGGSDFDPKGKSEGEVMRFCQALMTELYRHLGADTDVPAGDIGVGGREVGFMAGMMKKLSNNTACVFTGKGLSFGGSLIRPEATGYGLVYFTEAMLKRHGMGFEGMRVSVSGSGNVAQYAIEKAMEFGARVITASDSSGTVVDESGFTKEKLARLIEIKASRDGRVADYAKEFGLVYLEGQQPWSLPVDIALPCATQNELDVDAAHQLIANGVKAVAEGANMPTTIEATELFQQAGVLFAPGKAANAGGVATSGLEMAQNAARLGWKAEKVDARLHHIMLDIHHACVEHGGEGEQTNYVQGANIAGFVKVADAMLAQGVI,C1=CC(=C[N+](=C1)[C@H]2[C@@H]([C@@H]([C@H](O2)COP(=O)(O)OP(=O)(O)OC[C@@H]3[C@H]([C@H]([C@@H](O3)N4C=NC5=C(N=CN=C54)N)OP(=O)(O)O)O)O)O)C(=O)N
100,P00370,wild,MDQTYSLESFLNHVQKRDPNQTEFAQAVREVMTTLWPFLEQNPKYRQMSLLERLVEPERVIQFRVVWVDDRNQIQVNRAWRVQFSSAIGPYKGGMRFHPSVNLSILKFLGFEQTFKNALTTLPMGGGKGGSDFDPKGKSEGEVMRFCQALMTELYRHLGADTDVPAGDIGVGGREVGFMAGMMKKLSNNTACVFTGKGLSFGGSLIRPEATGYGLVYFTEAMLKRHGMGFEGMRVSVSGSGNVAQYAIEKAMEFGARVITASDSSGTVVDESGFTKEKLARLIEIKASRDGRVADYAKEFGLVYLEGQQPWSLPVDIALPCATQNELDVDAAHQLIANGVKAVAEGANMPTTIEATELFQQAGVLFAPGKAANAGGVATSGLEMAQNAARLGWKAEKVDARLHHIMLDIHHACVEHGGEGEQTNYVQGANIAGFVKVADAMLAQGVI,C(CC(=O)O)C(=O)C(=O)O
101,P00370,wild,MDQTYSLESFLNHVQKRDPNQTEFAQAVREVMTTLWPFLEQNPKYRQMSLLERLVEPERVIQFRVVWVDDRNQIQVNRAWRVQFSSAIGPYKGGMRFHPSVNLSILKFLGFEQTFKNALTTLPMGGGKGGSDFDPKGKSEGEVMRFCQALMTELYRHLGADTDVPAGDIGVGGREVGFMAGMMKKLSNNTACVFTGKGLSFGGSLIRPEATGYGLVYFTEAMLKRHGMGFEGMRVSVSGSGNVAQYAIEKAMEFGARVITASDSSGTVVDESGFTKEKLARLIEIKASRDGRVADYAKEFGLVYLEGQQPWSLPVDIALPCATQNELDVDAAHQLIANGVKAVAEGANMPTTIEATELFQQAGVLFAPGKAANAGGVATSGLEMAQNAARLGWKAEKVDARLHHIMLDIHHACVEHGGEGEQTNYVQGANIAGFVKVADAMLAQGVI,[H+]
102,P00370,wild,MDQTYSLESFLNHVQKRDPNQTEFAQAVREVMTTLWPFLEQNPKYRQMSLLERLVEPERVIQFRVVWVDDRNQIQVNRAWRVQFSSAIGPYKGGMRFHPSVNLSILKFLGFEQTFKNALTTLPMGGGKGGSDFDPKGKSEGEVMRFCQALMTELYRHLGADTDVPAGDIGVGGREVGFMAGMMKKLSNNTACVFTGKGLSFGGSLIRPEATGYGLVYFTEAMLKRHGMGFEGMRVSVSGSGNVAQYAIEKAMEFGARVITASDSSGTVVDESGFTKEKLARLIEIKASRDGRVADYAKEFGLVYLEGQQPWSLPVDIALPCATQNELDVDAAHQLIANGVKAVAEGANMPTTIEATELFQQAGVLFAPGKAANAGGVATSGLEMAQNAARLGWKAEKVDARLHHIMLDIHHACVEHGGEGEQTNYVQGANIAGFVKVADAMLAQGVI,C1C=CN(C=C1C(=O)N)[C@H]2[C@@H]([C@@H]([C@H](O2)COP(=O)(O)OP(=O)(O)OC[C@@H]3[C@H]([C@H]([C@@H](O3)N4C=NC5=C(N=CN=C54)N)OP(=O)(O)O)O)O)O
103,P00370,wild,MDQTYSLESFLNHVQKRDPNQTEFAQAVREVMTTLWPFLEQNPKYRQMSLLERLVEPERVIQFRVVWVDDRNQIQVNRAWRVQFSSAIGPYKGGMRFHPSVNLSILKFLGFEQTFKNALTTLPMGGGKGGSDFDPKGKSEGEVMRFCQALMTELYRHLGADTDVPAGDIGVGGREVGFMAGMMKKLSNNTACVFTGKGLSFGGSLIRPEATGYGLVYFTEAMLKRHGMGFEGMRVSVSGSGNVAQYAIEKAMEFGARVITASDSSGTVVDESGFTKEKLARLIEIKASRDGRVADYAKEFGLVYLEGQQPWSLPVDIALPCATQNELDVDAAHQLIANGVKAVAEGANMPTTIEATELFQQAGVLFAPGKAANAGGVATSGLEMAQNAARLGWKAEKVDARLHHIMLDIHHACVEHGGEGEQTNYVQGANIAGFVKVADAMLAQGVI,N
104,P05041,wild,MKTLSPAVITLLWRQDAAEFYFSRLSHLPWAMLLHSGYADHPYSRFDIVVAEPICTLTTFGKETVVSESEKRTTTTDDPLQVLQQVLDRADIRPTHNEDLPFQGGALGLFGYDLGRRFESLPEIAEQDIVLPDMAVGIYDWALIVDHQRHTVSLLSHNDVNARRAWLESQQFSPQEDFTLTSDWQSNMTREQYGEKFRQVQEYLHSGDCYQVNLAQRFHATYSGDEWQAFLQLNQANRAPFSAFLRLEQGAILSLSPERFILCDNSEIQTRPIKGTLPRLPDPQEDSKQAVKLANSAKDRAENLMIVDLMRNDIGRVAVAGSVKVPELFVVEPFPAVHHLVSTITAQLPEQLHASDLLRAAFPGGSITGAPKVRAMEIIDELEPQRRNAWCGSIGYLSFCGNMDTSITIRTLTAINGQIFCSAGGGIVADSQEEAEYQETFDKVNRILKQLEK,C(CC(=O)N)[C@@H](C(=O)O)N
105,P05041,wild,MKTLSPAVITLLWRQDAAEFYFSRLSHLPWAMLLHSGYADHPYSRFDIVVAEPICTLTTFGKETVVSESEKRTTTTDDPLQVLQQVLDRADIRPTHNEDLPFQGGALGLFGYDLGRRFESLPEIAEQDIVLPDMAVGIYDWALIVDHQRHTVSLLSHNDVNARRAWLESQQFSPQEDFTLTSDWQSNMTREQYGEKFRQVQEYLHSGDCYQVNLAQRFHATYSGDEWQAFLQLNQANRAPFSAFLRLEQGAILSLSPERFILCDNSEIQTRPIKGTLPRLPDPQEDSKQAVKLANSAKDRAENLMIVDLMRNDIGRVAVAGSVKVPELFVVEPFPAVHHLVSTITAQLPEQLHASDLLRAAFPGGSITGAPKVRAMEIIDELEPQRRNAWCGSIGYLSFCGNMDTSITIRTLTAINGQIFCSAGGGIVADSQEEAEYQETFDKVNRILKQLEK,O
106,P77454,wild,MLDANKLQQAVDQAYTQFHSLNGGQNADYIPFLANVPGQLAAVAIVTCDGNVYSAGDSDYRFALESISKVCTLALALEDVGPQAVQDKIGADPTGLPFNSVIALELHGGKPLSPLVNAGAIATTSLINAENVEQRWQRILHIQQQLAGEQVALSDEVNQSEQTTNFHNRAIAWLLYSAGYLYCDAMEACDVYTRQCSTLLNTIELATLGATLAAGGVNPLTHKRVLQADNVPYILAEMMMEGLYGRSGDWAYRVGLPGKSGVGGGILAVVPGVMGIAAFSPPLDEDGNSVRGQKMVASVAKQLGYNVFKG,C(CC(=O)N)[C@@H](C(=O)O)N
107,P77454,wild,MLDANKLQQAVDQAYTQFHSLNGGQNADYIPFLANVPGQLAAVAIVTCDGNVYSAGDSDYRFALESISKVCTLALALEDVGPQAVQDKIGADPTGLPFNSVIALELHGGKPLSPLVNAGAIATTSLINAENVEQRWQRILHIQQQLAGEQVALSDEVNQSEQTTNFHNRAIAWLLYSAGYLYCDAMEACDVYTRQCSTLLNTIELATLGATLAAGGVNPLTHKRVLQADNVPYILAEMMMEGLYGRSGDWAYRVGLPGKSGVGGGILAVVPGVMGIAAFSPPLDEDGNSVRGQKMVASVAKQLGYNVFKG,O
108,P0A6W0,wild,MAVAMDNAILENILRQVRPLIGQGKVADYIPALATVDGSRLGIAICTVDGQLFQAGDAQERFSIQSISKVLSLVVAMRHYSEEEIWQRVGKDPSGSPFNSLVQLEMEQGIPRNPFINAGALVVCDMLQGRLSAPRQRMLEVVRGLSGVSDISYDTVVARSEFEHSARNAAIAWLMKSFGNFHHDVTTVLQNYFHYCALKMSCVELARTFVFLANQGKAIHIDEPVVTPMQARQINALMATSGMYQNAGEFAWRVGLPAKSGVGGGIVAIVPHEMAIAVWSPELDDAGNSLAGIAVLEQLTKQLGRSVY,C(CC(=O)N)[C@@H](C(=O)O)N
109,P0A6W0,wild,MAVAMDNAILENILRQVRPLIGQGKVADYIPALATVDGSRLGIAICTVDGQLFQAGDAQERFSIQSISKVLSLVVAMRHYSEEEIWQRVGKDPSGSPFNSLVQLEMEQGIPRNPFINAGALVVCDMLQGRLSAPRQRMLEVVRGLSGVSDISYDTVVARSEFEHSARNAAIAWLMKSFGNFHHDVTTVLQNYFHYCALKMSCVELARTFVFLANQGKAIHIDEPVVTPMQARQINALMATSGMYQNAGEFAWRVGLPAKSGVGGGIVAIVPHEMAIAVWSPELDDAGNSLAGIAVLEQLTKQLGRSVY,O
110,P05041,wild,MKTLSPAVITLLWRQDAAEFYFSRLSHLPWAMLLHSGYADHPYSRFDIVVAEPICTLTTFGKETVVSESEKRTTTTDDPLQVLQQVLDRADIRPTHNEDLPFQGGALGLFGYDLGRRFESLPEIAEQDIVLPDMAVGIYDWALIVDHQRHTVSLLSHNDVNARRAWLESQQFSPQEDFTLTSDWQSNMTREQYGEKFRQVQEYLHSGDCYQVNLAQRFHATYSGDEWQAFLQLNQANRAPFSAFLRLEQGAILSLSPERFILCDNSEIQTRPIKGTLPRLPDPQEDSKQAVKLANSAKDRAENLMIVDLMRNDIGRVAVAGSVKVPELFVVEPFPAVHHLVSTITAQLPEQLHASDLLRAAFPGGSITGAPKVRAMEIIDELEPQRRNAWCGSIGYLSFCGNMDTSITIRTLTAINGQIFCSAGGGIVADSQEEAEYQETFDKVNRILKQLEK,C(CC(=O)N)[C@@H](C(=O)O)N
111,P05041,wild,MKTLSPAVITLLWRQDAAEFYFSRLSHLPWAMLLHSGYADHPYSRFDIVVAEPICTLTTFGKETVVSESEKRTTTTDDPLQVLQQVLDRADIRPTHNEDLPFQGGALGLFGYDLGRRFESLPEIAEQDIVLPDMAVGIYDWALIVDHQRHTVSLLSHNDVNARRAWLESQQFSPQEDFTLTSDWQSNMTREQYGEKFRQVQEYLHSGDCYQVNLAQRFHATYSGDEWQAFLQLNQANRAPFSAFLRLEQGAILSLSPERFILCDNSEIQTRPIKGTLPRLPDPQEDSKQAVKLANSAKDRAENLMIVDLMRNDIGRVAVAGSVKVPELFVVEPFPAVHHLVSTITAQLPEQLHASDLLRAAFPGGSITGAPKVRAMEIIDELEPQRRNAWCGSIGYLSFCGNMDTSITIRTLTAINGQIFCSAGGGIVADSQEEAEYQETFDKVNRILKQLEK,O
112,P77454,wild,MLDANKLQQAVDQAYTQFHSLNGGQNADYIPFLANVPGQLAAVAIVTCDGNVYSAGDSDYRFALESISKVCTLALALEDVGPQAVQDKIGADPTGLPFNSVIALELHGGKPLSPLVNAGAIATTSLINAENVEQRWQRILHIQQQLAGEQVALSDEVNQSEQTTNFHNRAIAWLLYSAGYLYCDAMEACDVYTRQCSTLLNTIELATLGATLAAGGVNPLTHKRVLQADNVPYILAEMMMEGLYGRSGDWAYRVGLPGKSGVGGGILAVVPGVMGIAAFSPPLDEDGNSVRGQKMVASVAKQLGYNVFKG,C(CC(=O)N)[C@@H](C(=O)O)N
113,P77454,wild,MLDANKLQQAVDQAYTQFHSLNGGQNADYIPFLANVPGQLAAVAIVTCDGNVYSAGDSDYRFALESISKVCTLALALEDVGPQAVQDKIGADPTGLPFNSVIALELHGGKPLSPLVNAGAIATTSLINAENVEQRWQRILHIQQQLAGEQVALSDEVNQSEQTTNFHNRAIAWLLYSAGYLYCDAMEACDVYTRQCSTLLNTIELATLGATLAAGGVNPLTHKRVLQADNVPYILAEMMMEGLYGRSGDWAYRVGLPGKSGVGGGILAVVPGVMGIAAFSPPLDEDGNSVRGQKMVASVAKQLGYNVFKG,O
114,P0A6W0,wild,MAVAMDNAILENILRQVRPLIGQGKVADYIPALATVDGSRLGIAICTVDGQLFQAGDAQERFSIQSISKVLSLVVAMRHYSEEEIWQRVGKDPSGSPFNSLVQLEMEQGIPRNPFINAGALVVCDMLQGRLSAPRQRMLEVVRGLSGVSDISYDTVVARSEFEHSARNAAIAWLMKSFGNFHHDVTTVLQNYFHYCALKMSCVELARTFVFLANQGKAIHIDEPVVTPMQARQINALMATSGMYQNAGEFAWRVGLPAKSGVGGGIVAIVPHEMAIAVWSPELDDAGNSLAGIAVLEQLTKQLGRSVY,C(CC(=O)N)[C@@H](C(=O)O)N
115,P0A6W0,wild,MAVAMDNAILENILRQVRPLIGQGKVADYIPALATVDGSRLGIAICTVDGQLFQAGDAQERFSIQSISKVLSLVVAMRHYSEEEIWQRVGKDPSGSPFNSLVQLEMEQGIPRNPFINAGALVVCDMLQGRLSAPRQRMLEVVRGLSGVSDISYDTVVARSEFEHSARNAAIAWLMKSFGNFHHDVTTVLQNYFHYCALKMSCVELARTFVFLANQGKAIHIDEPVVTPMQARQINALMATSGMYQNAGEFAWRVGLPAKSGVGGGIVAIVPHEMAIAVWSPELDDAGNSLAGIAVLEQLTKQLGRSVY,O
116,P05041,wild,MKTLSPAVITLLWRQDAAEFYFSRLSHLPWAMLLHSGYADHPYSRFDIVVAEPICTLTTFGKETVVSESEKRTTTTDDPLQVLQQVLDRADIRPTHNEDLPFQGGALGLFGYDLGRRFESLPEIAEQDIVLPDMAVGIYDWALIVDHQRHTVSLLSHNDVNARRAWLESQQFSPQEDFTLTSDWQSNMTREQYGEKFRQVQEYLHSGDCYQVNLAQRFHATYSGDEWQAFLQLNQANRAPFSAFLRLEQGAILSLSPERFILCDNSEIQTRPIKGTLPRLPDPQEDSKQAVKLANSAKDRAENLMIVDLMRNDIGRVAVAGSVKVPELFVVEPFPAVHHLVSTITAQLPEQLHASDLLRAAFPGGSITGAPKVRAMEIIDELEPQRRNAWCGSIGYLSFCGNMDTSITIRTLTAINGQIFCSAGGGIVADSQEEAEYQETFDKVNRILKQLEK,C(CC(=O)N)[C@@H](C(=O)O)N
117,P05041,wild,MKTLSPAVITLLWRQDAAEFYFSRLSHLPWAMLLHSGYADHPYSRFDIVVAEPICTLTTFGKETVVSESEKRTTTTDDPLQVLQQVLDRADIRPTHNEDLPFQGGALGLFGYDLGRRFESLPEIAEQDIVLPDMAVGIYDWALIVDHQRHTVSLLSHNDVNARRAWLESQQFSPQEDFTLTSDWQSNMTREQYGEKFRQVQEYLHSGDCYQVNLAQRFHATYSGDEWQAFLQLNQANRAPFSAFLRLEQGAILSLSPERFILCDNSEIQTRPIKGTLPRLPDPQEDSKQAVKLANSAKDRAENLMIVDLMRNDIGRVAVAGSVKVPELFVVEPFPAVHHLVSTITAQLPEQLHASDLLRAAFPGGSITGAPKVRAMEIIDELEPQRRNAWCGSIGYLSFCGNMDTSITIRTLTAINGQIFCSAGGGIVADSQEEAEYQETFDKVNRILKQLEK,O
118,P77454,wild,MLDANKLQQAVDQAYTQFHSLNGGQNADYIPFLANVPGQLAAVAIVTCDGNVYSAGDSDYRFALESISKVCTLALALEDVGPQAVQDKIGADPTGLPFNSVIALELHGGKPLSPLVNAGAIATTSLINAENVEQRWQRILHIQQQLAGEQVALSDEVNQSEQTTNFHNRAIAWLLYSAGYLYCDAMEACDVYTRQCSTLLNTIELATLGATLAAGGVNPLTHKRVLQADNVPYILAEMMMEGLYGRSGDWAYRVGLPGKSGVGGGILAVVPGVMGIAAFSPPLDEDGNSVRGQKMVASVAKQLGYNVFKG,C(CC(=O)N)[C@@H](C(=O)O)N
119,P77454,wild,MLDANKLQQAVDQAYTQFHSLNGGQNADYIPFLANVPGQLAAVAIVTCDGNVYSAGDSDYRFALESISKVCTLALALEDVGPQAVQDKIGADPTGLPFNSVIALELHGGKPLSPLVNAGAIATTSLINAENVEQRWQRILHIQQQLAGEQVALSDEVNQSEQTTNFHNRAIAWLLYSAGYLYCDAMEACDVYTRQCSTLLNTIELATLGATLAAGGVNPLTHKRVLQADNVPYILAEMMMEGLYGRSGDWAYRVGLPGKSGVGGGILAVVPGVMGIAAFSPPLDEDGNSVRGQKMVASVAKQLGYNVFKG,O
120,P0A6W0,wild,MAVAMDNAILENILRQVRPLIGQGKVADYIPALATVDGSRLGIAICTVDGQLFQAGDAQERFSIQSISKVLSLVVAMRHYSEEEIWQRVGKDPSGSPFNSLVQLEMEQGIPRNPFINAGALVVCDMLQGRLSAPRQRMLEVVRGLSGVSDISYDTVVARSEFEHSARNAAIAWLMKSFGNFHHDVTTVLQNYFHYCALKMSCVELARTFVFLANQGKAIHIDEPVVTPMQARQINALMATSGMYQNAGEFAWRVGLPAKSGVGGGIVAIVPHEMAIAVWSPELDDAGNSLAGIAVLEQLTKQLGRSVY,C(CC(=O)N)[C@@H](C(=O)O)N
121,P0A6W0,wild,MAVAMDNAILENILRQVRPLIGQGKVADYIPALATVDGSRLGIAICTVDGQLFQAGDAQERFSIQSISKVLSLVVAMRHYSEEEIWQRVGKDPSGSPFNSLVQLEMEQGIPRNPFINAGALVVCDMLQGRLSAPRQRMLEVVRGLSGVSDISYDTVVARSEFEHSARNAAIAWLMKSFGNFHHDVTTVLQNYFHYCALKMSCVELARTFVFLANQGKAIHIDEPVVTPMQARQINALMATSGMYQNAGEFAWRVGLPAKSGVGGGIVAIVPHEMAIAVWSPELDDAGNSLAGIAVLEQLTKQLGRSVY,O
122,P00350,wild,MSKQQIGVVGMAVMGRNLALNIESRGYTVSIFNRSREKTEEVIAENPGKKLVPYYTVKEFVESLETPRRILLMVKAGAGTDAAIDSLKPYLDKGDIIIDGGNTFFQDTIRRNRELSAEGFNFIGTGVSGGEEGALKGPSIMPGGQKEAYELVAPILTKIAAVAEDGEPCVTYIGADGAGHYVKMVHNGIEYGDMQLIAEAYSLLKGGLNLTNEELAQTFTEWNNGELSSYLIDITKDIFTKKDEDGNYLVDVILDEAANKGTGKWTSQSALDLGEPLSLITESVFARYISSLKDQRVAASKVLSGPQAQPAGDKAEFIEKVRRALYLGKIVSYAQGFSQLRAASEEYNWDLNYGEIAKIFRAGCIIRAQFLQKITDAYAENPQIANLLLAPYFKQIADDYQQALRDVVAYAVQNGIPVPTFSAAVAYYDSYRAAVLPANLIQAQRDYFGAHTYKRIDKEGVFHTEWLD,C([C@H]([C@H]([C@@H]([C@H](C(=O)O)O)O)O)O)OP(=O)(O)O
123,P00350,wild,MSKQQIGVVGMAVMGRNLALNIESRGYTVSIFNRSREKTEEVIAENPGKKLVPYYTVKEFVESLETPRRILLMVKAGAGTDAAIDSLKPYLDKGDIIIDGGNTFFQDTIRRNRELSAEGFNFIGTGVSGGEEGALKGPSIMPGGQKEAYELVAPILTKIAAVAEDGEPCVTYIGADGAGHYVKMVHNGIEYGDMQLIAEAYSLLKGGLNLTNEELAQTFTEWNNGELSSYLIDITKDIFTKKDEDGNYLVDVILDEAANKGTGKWTSQSALDLGEPLSLITESVFARYISSLKDQRVAASKVLSGPQAQPAGDKAEFIEKVRRALYLGKIVSYAQGFSQLRAASEEYNWDLNYGEIAKIFRAGCIIRAQFLQKITDAYAENPQIANLLLAPYFKQIADDYQQALRDVVAYAVQNGIPVPTFSAAVAYYDSYRAAVLPANLIQAQRDYFGAHTYKRIDKEGVFHTEWLD,C1=CC(=C[N+](=C1)[C@H]2[C@@H]([C@@H]([C@H](O2)COP(=O)(O)OP(=O)(O)OC[C@@H]3[C@H]([C@H]([C@@H](O3)N4C=NC5=C(N=CN=C54)N)OP(=O)(O)O)O)O)O)C(=O)N
124,P06149,wild,MSSMTTTDNKAFLNELARLVGSSHLLTDPAKTARYRKGFRSGQGDALAVVFPGSLLELWRVLKACVTADKIILMQAANTGLTEGSTPNGNDYDRDVVIISTLRLDKLHVLGKGEQVLAYPGTTLYSLEKALKPLGREPHSVIGSSCIGASVIGGICNNSGGSLVQRGPAYTEMSLFARINEDGKLTLVNHLGIDLGETPEQILSKLDDDRIKDDDVRHDGRHAHDYDYVHRVRDIEADTPARYNADPDRLFESSGCAGKLAVFAVRLDTFEAEKNQQVFYIGTNQPEVLTEIRRHILANFENLPVAGEYMHRDIYDIAEKYGKDTFLMIDKLGTDKMPFFFNLKGRTDAMLEKVKFFRPHFTDRAMQKFGHLFPSHLPPRMKNWRDKYEHHLLLKMAGDGVGEAKSWLVDYFKQAEGDFFVCTPEEGSKAFLHRFAAAGAAIRYQAVHSDEVEDILALDIALRRNDTEWYEHLPPEIDSQLVHKLYYGHFMCYVFHQDYIVKKGVDVHALKEQMLELLQQRGAQYPAEHNVGHLYKAPETLQKFYRENDPTNSMNPGIGKTSKRKNWQEVE,C[C@H](C(=O)O)O
125,P06149,wild,MSSMTTTDNKAFLNELARLVGSSHLLTDPAKTARYRKGFRSGQGDALAVVFPGSLLELWRVLKACVTADKIILMQAANTGLTEGSTPNGNDYDRDVVIISTLRLDKLHVLGKGEQVLAYPGTTLYSLEKALKPLGREPHSVIGSSCIGASVIGGICNNSGGSLVQRGPAYTEMSLFARINEDGKLTLVNHLGIDLGETPEQILSKLDDDRIKDDDVRHDGRHAHDYDYVHRVRDIEADTPARYNADPDRLFESSGCAGKLAVFAVRLDTFEAEKNQQVFYIGTNQPEVLTEIRRHILANFENLPVAGEYMHRDIYDIAEKYGKDTFLMIDKLGTDKMPFFFNLKGRTDAMLEKVKFFRPHFTDRAMQKFGHLFPSHLPPRMKNWRDKYEHHLLLKMAGDGVGEAKSWLVDYFKQAEGDFFVCTPEEGSKAFLHRFAAAGAAIRYQAVHSDEVEDILALDIALRRNDTEWYEHLPPEIDSQLVHKLYYGHFMCYVFHQDYIVKKGVDVHALKEQMLELLQQRGAQYPAEHNVGHLYKAPETLQKFYRENDPTNSMNPGIGKTSKRKNWQEVE,C1=CC(=C[N+](=C1)[C@H]2[C@@H]([C@@H]([C@H](O2)COP(=O)(O)OP(=O)(O)OC[C@@H]3[C@H]([C@H]([C@@H](O3)N4C=NC5=C(N=CN=C54)N)O)O)O)O)C(=O)N
126,P52643,wild,MKLAVYSTKQYDKKYLQQVNESFGFELEFFDFLLTEKTAKTANGCEAVCIFVNDDGSRPVLEELKKHGVKYIALRCAGFNNVDLDAAKELGLKVVRVPAYDPEAVAEHAIGMMMTLNRRIHRAYQRTRDANFSLEGLTGFTMYGKTAGVIGTGKIGVAMLRILKGFGMRLLAFDPYPSAAALELGVEYVDLPTLFSESDVISLHCPLTPENYHLLNEAAFEQMKNGVMIVNTSRGALIDSQAAIEALKNQKIGSLGMDVYENERDLFFEDKSNDVIQDDVFRRLSACHNVLFTGHQAFLTAEALTSISQTTLQNLSNLEKGETCPNELV,C[C@H](C(=O)O)O
127,P52643,wild,MKLAVYSTKQYDKKYLQQVNESFGFELEFFDFLLTEKTAKTANGCEAVCIFVNDDGSRPVLEELKKHGVKYIALRCAGFNNVDLDAAKELGLKVVRVPAYDPEAVAEHAIGMMMTLNRRIHRAYQRTRDANFSLEGLTGFTMYGKTAGVIGTGKIGVAMLRILKGFGMRLLAFDPYPSAAALELGVEYVDLPTLFSESDVISLHCPLTPENYHLLNEAAFEQMKNGVMIVNTSRGALIDSQAAIEALKNQKIGSLGMDVYENERDLFFEDKSNDVIQDDVFRRLSACHNVLFTGHQAFLTAEALTSISQTTLQNLSNLEKGETCPNELV,C1=CC(=C[N+](=C1)[C@H]2[C@@H]([C@@H]([C@H](O2)COP(=O)(O)OP(=O)(O)OC[C@@H]3[C@H]([C@H]([C@@H](O3)N4C=NC5=C(N=CN=C54)N)O)O)O)O)C(=O)N
128,P61889,wild,MKVAVLGAAGGIGQALALLLKTQLPSGSELSLYDIAPVTPGVAVDLSHIPTAVKIKGFSGEDATPALEGADVVLISAGVARKPGMDRSDLFNVNAGIVKNLVQQVAKTCPKACIGIITNPVNTTVAIAAEVLKKAGVYDKNKLFGVTTLDIIRSNTFVAELKGKQPGEVEVPVIGGHSGVTILPLLSQVPGVSFTEQEVADLTKRIQNAGTEVVEAKAGGGSATLSMGQAAARFGLSLVRALQGEQGVVECAYVEGDGQYARFFSQPLLLGKNGVEERKSIGTLSAFEQNALEGMLDTLKKDIALGEEFVNK,C([C@@H](C(=O)O)O)C(=O)O
129,P61889,wild,MKVAVLGAAGGIGQALALLLKTQLPSGSELSLYDIAPVTPGVAVDLSHIPTAVKIKGFSGEDATPALEGADVVLISAGVARKPGMDRSDLFNVNAGIVKNLVQQVAKTCPKACIGIITNPVNTTVAIAAEVLKKAGVYDKNKLFGVTTLDIIRSNTFVAELKGKQPGEVEVPVIGGHSGVTILPLLSQVPGVSFTEQEVADLTKRIQNAGTEVVEAKAGGGSATLSMGQAAARFGLSLVRALQGEQGVVECAYVEGDGQYARFFSQPLLLGKNGVEERKSIGTLSAFEQNALEGMLDTLKKDIALGEEFVNK,C1=CC(=C[N+](=C1)[C@H]2[C@@H]([C@@H]([C@H](O2)COP(=O)(O)OP(=O)(O)OC[C@@H]3[C@H]([C@H]([C@@H](O3)N4C=NC5=C(N=CN=C54)N)O)O)O)O)C(=O)N
130,P61889,wild,MKVAVLGAAGGIGQALALLLKTQLPSGSELSLYDIAPVTPGVAVDLSHIPTAVKIKGFSGEDATPALEGADVVLISAGVARKPGMDRSDLFNVNAGIVKNLVQQVAKTCPKACIGIITNPVNTTVAIAAEVLKKAGVYDKNKLFGVTTLDIIRSNTFVAELKGKQPGEVEVPVIGGHSGVTILPLLSQVPGVSFTEQEVADLTKRIQNAGTEVVEAKAGGGSATLSMGQAAARFGLSLVRALQGEQGVVECAYVEGDGQYARFFSQPLLLGKNGVEERKSIGTLSAFEQNALEGMLDTLKKDIALGEEFVNK,[H+]
131,P61889,wild,MKVAVLGAAGGIGQALALLLKTQLPSGSELSLYDIAPVTPGVAVDLSHIPTAVKIKGFSGEDATPALEGADVVLISAGVARKPGMDRSDLFNVNAGIVKNLVQQVAKTCPKACIGIITNPVNTTVAIAAEVLKKAGVYDKNKLFGVTTLDIIRSNTFVAELKGKQPGEVEVPVIGGHSGVTILPLLSQVPGVSFTEQEVADLTKRIQNAGTEVVEAKAGGGSATLSMGQAAARFGLSLVRALQGEQGVVECAYVEGDGQYARFFSQPLLLGKNGVEERKSIGTLSAFEQNALEGMLDTLKKDIALGEEFVNK,C1C=CN(C=C1C(=O)N)[C@H]2[C@@H]([C@@H]([C@H](O2)COP(=O)(O)OP(=O)(O)OC[C@@H]3[C@H]([C@H]([C@@H](O3)N4C=NC5=C(N=CN=C54)N)O)O)O)O
132,P61889,wild,MKVAVLGAAGGIGQALALLLKTQLPSGSELSLYDIAPVTPGVAVDLSHIPTAVKIKGFSGEDATPALEGADVVLISAGVARKPGMDRSDLFNVNAGIVKNLVQQVAKTCPKACIGIITNPVNTTVAIAAEVLKKAGVYDKNKLFGVTTLDIIRSNTFVAELKGKQPGEVEVPVIGGHSGVTILPLLSQVPGVSFTEQEVADLTKRIQNAGTEVVEAKAGGGSATLSMGQAAARFGLSLVRALQGEQGVVECAYVEGDGQYARFFSQPLLLGKNGVEERKSIGTLSAFEQNALEGMLDTLKKDIALGEEFVNK,C(C(=O)C(=O)O)C(=O)O
133,P26616,wild,MEPKTKKQRSLYIPYAGPVLLEFPLLNKGSAFSMEERRNFNLLGLLPEVVETIEEQAERAWIQYQGFKTEIDKHIYLRNIQDTNETLFYRLVNNHLDEMMPVIYTPTVGAACERFSEIYRRSRGVFISYQNRHNMDDILQNVPNHNIKVIVVTDGERILGLGDQGIGGMGIPIGKLSLYTACGGISPAYTLPVVLDVGTNNQQLLNDPLYMGWRNPRITDDEYYEFVDEFIQAVKQRWPDVLLQFEDFAQKNAMPLLNRYRNEICSFNDDIQGTAAVTVGTLIAASRAAGGQLSEKKIVFLGAGSAGCGIAEMIISQTQREGLSEEAARQKVFMVDRFGLLTDKMPNLLPFQTKLVQKRENLSDWDTDSDVLSLLDVVRNVKPDILIGVSGQTGLFTEEIIREMHKHCPRPIVMPLSNPTSRVEATPQDIIAWTEGNALVATGSPFNPVVWKDKIYPIAQCNNAFIFPGIGLGVIASGASRITDEMLMSASETLAQYSPLVLNGEGMVLPELKDIQKVSRAIAFAVGKMAQQQGVAVKTSAEALQQAIDDNFWQAEYRDYRRTSI,C([C@@H](C(=O)O)O)C(=O)O
134,P26616,wild,MEPKTKKQRSLYIPYAGPVLLEFPLLNKGSAFSMEERRNFNLLGLLPEVVETIEEQAERAWIQYQGFKTEIDKHIYLRNIQDTNETLFYRLVNNHLDEMMPVIYTPTVGAACERFSEIYRRSRGVFISYQNRHNMDDILQNVPNHNIKVIVVTDGERILGLGDQGIGGMGIPIGKLSLYTACGGISPAYTLPVVLDVGTNNQQLLNDPLYMGWRNPRITDDEYYEFVDEFIQAVKQRWPDVLLQFEDFAQKNAMPLLNRYRNEICSFNDDIQGTAAVTVGTLIAASRAAGGQLSEKKIVFLGAGSAGCGIAEMIISQTQREGLSEEAARQKVFMVDRFGLLTDKMPNLLPFQTKLVQKRENLSDWDTDSDVLSLLDVVRNVKPDILIGVSGQTGLFTEEIIREMHKHCPRPIVMPLSNPTSRVEATPQDIIAWTEGNALVATGSPFNPVVWKDKIYPIAQCNNAFIFPGIGLGVIASGASRITDEMLMSASETLAQYSPLVLNGEGMVLPELKDIQKVSRAIAFAVGKMAQQQGVAVKTSAEALQQAIDDNFWQAEYRDYRRTSI,C1=CC(=C[N+](=C1)[C@H]2[C@@H]([C@@H]([C@H](O2)COP(=O)(O)OP(=O)(O)OC[C@@H]3[C@H]([C@H]([C@@H](O3)N4C=NC5=C(N=CN=C54)N)O)O)O)O)C(=O)N
135,P26616,wild,MEPKTKKQRSLYIPYAGPVLLEFPLLNKGSAFSMEERRNFNLLGLLPEVVETIEEQAERAWIQYQGFKTEIDKHIYLRNIQDTNETLFYRLVNNHLDEMMPVIYTPTVGAACERFSEIYRRSRGVFISYQNRHNMDDILQNVPNHNIKVIVVTDGERILGLGDQGIGGMGIPIGKLSLYTACGGISPAYTLPVVLDVGTNNQQLLNDPLYMGWRNPRITDDEYYEFVDEFIQAVKQRWPDVLLQFEDFAQKNAMPLLNRYRNEICSFNDDIQGTAAVTVGTLIAASRAAGGQLSEKKIVFLGAGSAGCGIAEMIISQTQREGLSEEAARQKVFMVDRFGLLTDKMPNLLPFQTKLVQKRENLSDWDTDSDVLSLLDVVRNVKPDILIGVSGQTGLFTEEIIREMHKHCPRPIVMPLSNPTSRVEATPQDIIAWTEGNALVATGSPFNPVVWKDKIYPIAQCNNAFIFPGIGLGVIASGASRITDEMLMSASETLAQYSPLVLNGEGMVLPELKDIQKVSRAIAFAVGKMAQQQGVAVKTSAEALQQAIDDNFWQAEYRDYRRTSI,C([C@@H](C(=O)O)O)C(=O)O
136,P26616,wild,MEPKTKKQRSLYIPYAGPVLLEFPLLNKGSAFSMEERRNFNLLGLLPEVVETIEEQAERAWIQYQGFKTEIDKHIYLRNIQDTNETLFYRLVNNHLDEMMPVIYTPTVGAACERFSEIYRRSRGVFISYQNRHNMDDILQNVPNHNIKVIVVTDGERILGLGDQGIGGMGIPIGKLSLYTACGGISPAYTLPVVLDVGTNNQQLLNDPLYMGWRNPRITDDEYYEFVDEFIQAVKQRWPDVLLQFEDFAQKNAMPLLNRYRNEICSFNDDIQGTAAVTVGTLIAASRAAGGQLSEKKIVFLGAGSAGCGIAEMIISQTQREGLSEEAARQKVFMVDRFGLLTDKMPNLLPFQTKLVQKRENLSDWDTDSDVLSLLDVVRNVKPDILIGVSGQTGLFTEEIIREMHKHCPRPIVMPLSNPTSRVEATPQDIIAWTEGNALVATGSPFNPVVWKDKIYPIAQCNNAFIFPGIGLGVIASGASRITDEMLMSASETLAQYSPLVLNGEGMVLPELKDIQKVSRAIAFAVGKMAQQQGVAVKTSAEALQQAIDDNFWQAEYRDYRRTSI,C1=CC(=C[N+](=C1)[C@H]2[C@@H]([C@@H]([C@H](O2)COP(=O)(O)OP(=O)(O)OC[C@@H]3[C@H]([C@H]([C@@H](O3)N4C=NC5=C(N=CN=C54)N)O)O)O)O)C(=O)N
137,P76558,wild,MDDQLKQSALDFHEFPVPGKIQVSPTKPLATQRDLALAYSPGVAAPCLEIEKDPLKAYKYTARGNLVAVISNGTAVLGLGNIGALAGKPVMEGKGVLFKKFAGIDVFDIEVDELDPDKFIEVVAALEPTFGGINLEDIKAPECFYIEQKLRERMNIPVFHDDQHGTAIISTAAILNGLRVVEKNISDVRMVVSGAGAAAIACMNLLVALGLQKHNIVVCDSKGVIYQGREPNMAETKAAYAVVDDGKRTLDDVIEGADIFLGCSGPKVLTQEMVKKMARAPMILALANPEPEILPPLAKEVRPDAIICTGRSDYPNQVNNVLCFPFIFRGALDVGATAINEEMKLAAVRAIAELAHAEQSEVVASAYGDQDLSFGPEYIIPKPFDPRLIVKIAPAVAKAAMESGVATRPIADFDVYIDKLTEFVYKTNLFMKPIFSQARKAPKRVVLPEGEEARVLHATQELVTLGLAKPILIGRPNVIEMRIQKLGLQIKAGVDFEIVNNESDPRFKEYWTEYFQIMKRRGVTQEQAQRALISNPTVIGAIMVQRGEADAMICGTVGDYHEHFSVVKNVFGYRDGVHTAGAMNALLLPSGNTFIADTYVNDEPDAEELAEITLMAAETVRRFGIEPRVALLSHSNFGSSDCPSSSKMRQALELVRERAPELMIDGEMHGDAALVEAIRNDRMPDSSLKGSANILVMPNMEAARISYNLLRVSSSEGVTVGPVLMGVAKPVHVLTPIASVRRIVNMVALAVVEAQTQPL,C([C@@H](C(=O)O)O)C(=O)O
138,P76558,wild,MDDQLKQSALDFHEFPVPGKIQVSPTKPLATQRDLALAYSPGVAAPCLEIEKDPLKAYKYTARGNLVAVISNGTAVLGLGNIGALAGKPVMEGKGVLFKKFAGIDVFDIEVDELDPDKFIEVVAALEPTFGGINLEDIKAPECFYIEQKLRERMNIPVFHDDQHGTAIISTAAILNGLRVVEKNISDVRMVVSGAGAAAIACMNLLVALGLQKHNIVVCDSKGVIYQGREPNMAETKAAYAVVDDGKRTLDDVIEGADIFLGCSGPKVLTQEMVKKMARAPMILALANPEPEILPPLAKEVRPDAIICTGRSDYPNQVNNVLCFPFIFRGALDVGATAINEEMKLAAVRAIAELAHAEQSEVVASAYGDQDLSFGPEYIIPKPFDPRLIVKIAPAVAKAAMESGVATRPIADFDVYIDKLTEFVYKTNLFMKPIFSQARKAPKRVVLPEGEEARVLHATQELVTLGLAKPILIGRPNVIEMRIQKLGLQIKAGVDFEIVNNESDPRFKEYWTEYFQIMKRRGVTQEQAQRALISNPTVIGAIMVQRGEADAMICGTVGDYHEHFSVVKNVFGYRDGVHTAGAMNALLLPSGNTFIADTYVNDEPDAEELAEITLMAAETVRRFGIEPRVALLSHSNFGSSDCPSSSKMRQALELVRERAPELMIDGEMHGDAALVEAIRNDRMPDSSLKGSANILVMPNMEAARISYNLLRVSSSEGVTVGPVLMGVAKPVHVLTPIASVRRIVNMVALAVVEAQTQPL,C1=CC(=C[N+](=C1)[C@H]2[C@@H]([C@@H]([C@H](O2)COP(=O)(O)OP(=O)(O)OC[C@@H]3[C@H]([C@H]([C@@H](O3)N4C=NC5=C(N=CN=C54)N)OP(=O)(O)O)O)O)O)C(=O)N
139,P27306,wild,MPHSYDYDAIVIGSGPGGEGAAMGLVKQGARVAVIERYQNVGGGCTHWGTIPSKALRHAVSRIIEFNQNPLYSDHSRLLRSSFADILNHADNVINQQTRMRQGFYERNHCEILQGNARFVDEHTLALDCPDGSVETLTAEKFVIACGSRPYHPTDVDFTHPRIYDSDSILSMHHEPRHVLIYGAGVIGCEYASIFRGMDVKVDLINTRDRLLAFLDQEMSDSLSYHFWNSGVVIRHNEEYEKIEGCDDGVIMHLKSGKKLKADCLLYANGRTGNTDSLALQNIGLETDSRGQLKVNSMYQTAQPHVYAVGDVIGYPSLASAAYDQGRIAAQALVKGEATAHLIEDIPTGIYTIPEISSVGKTEQQLTAMKVPYEVGRAQFKHLARAQIVGMNVGTLKILFHRETKEILGIHCFGERAAEIIHIGQAIMEQKGGGNTIEYFVNTTFNYPTMAEAYRVAALNGLNRLF,C1=CC(=C[N+](=C1)[C@H]2[C@@H]([C@@H]([C@H](O2)COP(=O)(O)OP(=O)(O)OC[C@@H]3[C@H]([C@H]([C@@H](O3)N4C=NC5=C(N=CN=C54)N)O)O)O)O)C(=O)N
140,P27306,wild,MPHSYDYDAIVIGSGPGGEGAAMGLVKQGARVAVIERYQNVGGGCTHWGTIPSKALRHAVSRIIEFNQNPLYSDHSRLLRSSFADILNHADNVINQQTRMRQGFYERNHCEILQGNARFVDEHTLALDCPDGSVETLTAEKFVIACGSRPYHPTDVDFTHPRIYDSDSILSMHHEPRHVLIYGAGVIGCEYASIFRGMDVKVDLINTRDRLLAFLDQEMSDSLSYHFWNSGVVIRHNEEYEKIEGCDDGVIMHLKSGKKLKADCLLYANGRTGNTDSLALQNIGLETDSRGQLKVNSMYQTAQPHVYAVGDVIGYPSLASAAYDQGRIAAQALVKGEATAHLIEDIPTGIYTIPEISSVGKTEQQLTAMKVPYEVGRAQFKHLARAQIVGMNVGTLKILFHRETKEILGIHCFGERAAEIIHIGQAIMEQKGGGNTIEYFVNTTFNYPTMAEAYRVAALNGLNRLF,C1C=CN(C=C1C(=O)N)[C@H]2[C@@H]([C@@H]([C@H](O2)COP(=O)(O)OP(=O)(O)OC[C@@H]3[C@H]([C@H]([C@@H](O3)N4C=NC5=C(N=CN=C54)N)OP(=O)(O)O)O)O)O
